filename,basename,sample,condition,rep_old,rep_new,sample_new,total_reads,total_aligned_reads,bc_not_found,perc_bc_not_found,chimera_reads,perc_chimera_reads,unspliced_counter,minor_splice_counter,perfect_middle_exon,everything_passed_with_middle_exon
U:/processed_data/reprocess_250221/K562/K562_K700E-H04_S262_umi_dedup_fine_grained_idx.csv,K562_K700E-H04_S262_umi_dedup_fine_grained_idx.csv,K562_K700E-H04_S262,K562K700E,rep1,rep1,K562K700E-rep1,41505772,38942448,1372050,0.0330568480933206,4796792,0.173841153685578,991311,2133110,21823074,22796168
U:/processed_data/reprocess_250221/K562/K562_K700E-H05_S263_umi_dedup_fine_grained_idx.csv,K562_K700E-H05_S263_umi_dedup_fine_grained_idx.csv,K562_K700E-H05_S263,K562K700E,rep2,rep2,K562K700E-rep2,42735524,40181661,1424120,0.0333240327180731,4882770,0.171866104682968,1081675,2126914,22515348,23527544
U:/processed_data/reprocess_250221/K562/K562_K700E-H06_S264_umi_dedup_fine_grained_idx.csv,K562_K700E-H06_S264_umi_dedup_fine_grained_idx.csv,K562_K700E-H06_S264,K562K700E,rep3,rep3,K562K700E-rep3,36274891,34056439,1205193,0.0332238903212693,4119836,0.168458779603311,783987,1751516,19487690,20336212
U:/processed_data/reprocess_250221/K562/K562_WT-H01_S259_umi_dedup_fine_grained_idx.csv,K562_WT-H01_S259_umi_dedup_fine_grained_idx.csv,K562_WT-H01_S259,K562WT,rep1,rep1,K562WT-rep1,73478733,69240298,2394265,0.0325844622280028,8923925,0.167558570558664,937840,3747362,42687228,44334616
U:/processed_data/reprocess_250221/K562/K562_WT-H02_S260_umi_dedup_fine_grained_idx.csv,K562_WT-H02_S260_umi_dedup_fine_grained_idx.csv,K562_WT-H02_S260,K562WT,rep2,rep2,K562WT-rep2,92707992,87286144,3114571,0.0335954962760924,10631253,0.165063173006325,1197988,4206468,51716963,53775924
U:/processed_data/reprocess_250221/K562/K562_WT-H03_S261_umi_dedup_fine_grained_idx.csv,K562_WT-H03_S261_umi_dedup_fine_grained_idx.csv,K562_WT-H03_S261,K562WT,rep3,rep3,K562WT-rep3,53634921,50372548,1792567,0.0334216396067778,6208418,0.165054827452884,623672,2346936,30223488,31405859
U:/processed_data/reprocess_250221/nova230516/769P-rep1_umi_dedup_fine_grained_idx.csv,769P-rep1_umi_dedup_fine_grained_idx.csv,769P-rep1,769P,rep1,rep1,769P-rep1,43846612,41270936,1448518,0.0330360302410594,5350590,0.187345391443917,1046097,1894774,22145178,23209440
U:/processed_data/reprocess_250221/nova230516/769P-rep2_umi_dedup_fine_grained_idx.csv,769P-rep2_umi_dedup_fine_grained_idx.csv,769P-rep2,769P,rep2,rep2,769P-rep2,49465181,46412679,1631880,0.0329904786965199,6211057,0.194523196576523,1154563,2116599,24535215,25718590
U:/processed_data/reprocess_250221/nova230516/769P-rep3_umi_dedup_fine_grained_idx.csv,769P-rep3_umi_dedup_fine_grained_idx.csv,769P-rep3,769P,rep3,rep3,769P-rep3,45547717,42882710,1524717,0.0334751574925259,5725903,0.193598509178317,1096513,2016937,22757525,23850270
U:/processed_data/reprocess_250221/nova230516/786O-rep1_umi_dedup_fine_grained_idx.csv,786O-rep1_umi_dedup_fine_grained_idx.csv,786O-rep1,786O,rep1,rep1,786O-rep1,31847145,30052689,1064593,0.0334282083998424,3489223,0.168586598255837,1800168,2037668,16386391,17207695
U:/processed_data/reprocess_250221/nova230516/786O-rep2_umi_dedup_fine_grained_idx.csv,786O-rep2_umi_dedup_fine_grained_idx.csv,786O-rep2,786O,rep2,rep2,786O-rep2,35909859,33766051,1186934,0.0330531512251273,4026799,0.167984922569352,1915942,2268484,19005886,19944394
U:/processed_data/reprocess_250221/nova230516/786O-rep3_umi_dedup_fine_grained_idx.csv,786O-rep3_umi_dedup_fine_grained_idx.csv,786O-rep3,786O,rep3,rep3,786O-rep3,35647124,33600420,1183460,0.033199312236241,3922231,0.168089277319959,1722468,2185339,18480322,19411982
U:/processed_data/reprocess_250221/nova230516/8MGBA_Nuc-rep1_umi_dedup_fine_grained_idx.csv,8MGBA_Nuc-rep1_umi_dedup_fine_grained_idx.csv,8MGBA_Nuc-rep1,8MGBA,rep1,rep1,8MGBA-rep1,46606181,43769289,1505921,0.032311615491516,5210445,0.165590052478983,1108079,2173531,25288683,26255485
U:/processed_data/reprocess_250221/nova230516/8MGBA_Nuc-rep2_umi_dedup_fine_grained_idx.csv,8MGBA_Nuc-rep2_umi_dedup_fine_grained_idx.csv,8MGBA_Nuc-rep2,8MGBA,rep2,rep2,8MGBA-rep2,36250208,33921631,1185797,0.0327114536832451,4114442,0.166751337038728,796717,1734102,19794016,20559675
U:/processed_data/reprocess_250221/nova230516/8MGBA_Nuc-rep3_umi_dedup_fine_grained_idx.csv,8MGBA_Nuc-rep3_umi_dedup_fine_grained_idx.csv,8MGBA_Nuc-rep3,8MGBA,rep3,rep3,8MGBA-rep3,38196251,36048449,1250913,0.0327496277056091,4311302,0.165710881787655,941275,1845300,20899253,21705710
U:/processed_data/reprocess_250221/nova230516/8MGBA_tfx-rep1_umi_dedup_fine_grained_idx.csv,8MGBA_tfx-rep1_umi_dedup_fine_grained_idx.csv,8MGBA_tfx-rep1,8MGBA,rep1,rep1,8MGBA-rep1,22559637,21252614,741308,0.0328599258933111,2362347,0.170836887392578,1540310,1058835,10918057,11465738
U:/processed_data/reprocess_250221/nova230516/8MGBA_tfx-rep2_umi_dedup_fine_grained_idx.csv,8MGBA_tfx-rep2_umi_dedup_fine_grained_idx.csv,8MGBA_tfx-rep2,8MGBA,rep2,rep2,8MGBA-rep2,23349099,22013058,768154,0.032898657031691,2444200,0.171311702912061,1537752,1093247,11257867,11823360
U:/processed_data/reprocess_250221/nova230516/8MGBA_tfx-rep3_umi_dedup_fine_grained_idx.csv,8MGBA_tfx-rep3_umi_dedup_fine_grained_idx.csv,8MGBA_tfx-rep3,8MGBA,rep3,rep3,8MGBA-rep3,35773177,33718468,1171936,0.032760187891615,3715697,0.170856588730059,2557413,1703468,17178699,18031764
U:/processed_data/reprocess_250221/nova230516/A172-rep1_umi_dedup_fine_grained_idx.csv,A172-rep1_umi_dedup_fine_grained_idx.csv,A172-rep1,A172,rep1,rep1,A172-rep1,40874632,38451705,1363602,0.0333605939253471,3817551,0.170710403362165,1196286,2142584,17321968,18545181
U:/processed_data/reprocess_250221/nova230516/A172-rep2_umi_dedup_fine_grained_idx.csv,A172-rep2_umi_dedup_fine_grained_idx.csv,A172-rep2,A172,rep2,rep2,A172-rep2,23229526,21835258,787694,0.0339091723180232,2251944,0.175656000213413,711025,1258506,9903443,10568250
U:/processed_data/reprocess_250221/nova230516/A172-rep3_umi_dedup_fine_grained_idx.csv,A172-rep3_umi_dedup_fine_grained_idx.csv,A172-rep3,A172,rep3,rep3,A172-rep3,32712370,30799254,1108761,0.0338942424532371,3052934,0.172387275454791,1003048,1666347,13726764,14656807
U:/processed_data/reprocess_250221/nova230516/A375_100tfx-rep1_umi_dedup_fine_grained_idx.csv,A375_100tfx-rep1_umi_dedup_fine_grained_idx.csv,A375_100tfx-rep1,A375,rep1,rep1,A375-rep1,6549765,6174054,216733,0.0330901948390515,660845,0.183007797517655,270118,214192,2798020,2950176
U:/processed_data/reprocess_250221/nova230516/A375_100tfx-rep2_umi_dedup_fine_grained_idx.csv,A375_100tfx-rep2_umi_dedup_fine_grained_idx.csv,A375_100tfx-rep2,A375,rep2,rep2,A375-rep2,11269038,10595250,372598,0.03306386933827,1130536,0.183145422879116,424126,344395,4779599,5042351
U:/processed_data/reprocess_250221/nova230516/A375_100tfx-rep3_umi_dedup_fine_grained_idx.csv,A375_100tfx-rep3_umi_dedup_fine_grained_idx.csv,A375_100tfx-rep3,A375,rep3,rep3,A375-rep3,18567585,17426065,614071,0.0330722062131397,1831889,0.182896886830486,662557,529133,7756801,8184077
U:/processed_data/reprocess_250221/nova230516/A375_150tfx-rep1_umi_dedup_fine_grained_idx.csv,A375_150tfx-rep1_umi_dedup_fine_grained_idx.csv,A375_150tfx-rep1,A375,rep1,rep1,A375-rep1,9361742,8822430,307785,0.0328768940652285,992349,0.189143944338046,371922,303886,4036837,4254179
U:/processed_data/reprocess_250221/nova230516/A375_150tfx-rep2_umi_dedup_fine_grained_idx.csv,A375_150tfx-rep2_umi_dedup_fine_grained_idx.csv,A375_150tfx-rep2,A375,rep2,rep2,A375-rep2,12293472,11606260,404238,0.032882329743786,1268262,0.184528153644697,465945,380555,5317779,5604738
U:/processed_data/reprocess_250221/nova230516/A375_150tfx-rep3_umi_dedup_fine_grained_idx.csv,A375_150tfx-rep3_umi_dedup_fine_grained_idx.csv,A375_150tfx-rep3,A375,rep3,rep3,A375-rep3,14922270,14020983,491326,0.0329256875797047,1519428,0.184312364033622,527934,459518,6377799,6724338
U:/processed_data/reprocess_250221/nova230516/ACHN-rep1_umi_dedup_fine_grained_idx.csv,ACHN-rep1_umi_dedup_fine_grained_idx.csv,ACHN-rep1,ACHN,rep1,rep1,ACHN-rep1,15920573,15033911,514419,0.0323115882826579,1848959,0.16814257715451,581114,967338,8727032,9147417
U:/processed_data/reprocess_250221/nova230516/ACHN-rep2_umi_dedup_fine_grained_idx.csv,ACHN-rep2_umi_dedup_fine_grained_idx.csv,ACHN-rep2,ACHN,rep2,rep2,ACHN-rep2,12442937,11738369,402687,0.0323626970063418,1443417,0.168407502621054,430322,755166,6796564,7127561
U:/processed_data/reprocess_250221/nova230516/ACHN-rep3_umi_dedup_fine_grained_idx.csv,ACHN-rep3_umi_dedup_fine_grained_idx.csv,ACHN-rep3,ACHN,rep3,rep3,ACHN-rep3,18182849,17099753,587922,0.0323338768308531,2102480,0.168274500460088,595554,1103643,9910082,10391867
U:/processed_data/reprocess_250221/nova230516/CAL120-rep1_umi_dedup_fine_grained_idx.csv,CAL120-rep1_umi_dedup_fine_grained_idx.csv,CAL120-rep1,CAL120,rep1,rep1,CAL120-rep1,105369281,99461401,3439380,0.0326412021355636,11335112,0.169227131724605,4837501,6017484,53109953,55646535
U:/processed_data/reprocess_250221/nova230516/CAL120-rep2_umi_dedup_fine_grained_idx.csv,CAL120-rep2_umi_dedup_fine_grained_idx.csv,CAL120-rep2,CAL120,rep2,rep2,CAL120-rep2,33751398,31914231,1096975,0.0325016166737745,3641087,0.171449156674887,1504579,1816799,16800907,17596037
U:/processed_data/reprocess_250221/nova230516/CAL120-rep3_umi_dedup_fine_grained_idx.csv,CAL120-rep3_umi_dedup_fine_grained_idx.csv,CAL120-rep3,CAL120,rep3,rep3,CAL120-rep3,35761287,33751332,1171905,0.0327702132196752,3889862,0.172400043097108,1322647,1946849,17866868,18673137
U:/processed_data/reprocess_250221/nova230516/COGN278-rep1_umi_dedup_fine_grained_idx.csv,COGN278-rep1_umi_dedup_fine_grained_idx.csv,COGN278-rep1,COGN278,rep1,rep1,COGN278-rep1,34550663,32653667,1146267,0.0331764111154683,4083137,0.17120036823406,1536631,1706794,18964714,19766911
U:/processed_data/reprocess_250221/nova230516/COGN278-rep2_umi_dedup_fine_grained_idx.csv,COGN278-rep2_umi_dedup_fine_grained_idx.csv,COGN278-rep2,COGN278,rep2,rep2,COGN278-rep2,42942126,40570895,1416235,0.0329800858019931,5114042,0.175720426355965,1952313,2028094,23016562,23989245
U:/processed_data/reprocess_250221/nova230516/COGN278-rep3_umi_dedup_fine_grained_idx.csv,COGN278-rep3_umi_dedup_fine_grained_idx.csv,COGN278-rep3,COGN278,rep3,rep3,COGN278-rep3,33586330,31689983,1105398,0.0329121401474945,3961106,0.172862078212651,1566507,1612092,18185696,18953729
U:/processed_data/reprocess_250221/nova230516/COLO783-rep1_umi_dedup_fine_grained_idx.csv,COLO783-rep1_umi_dedup_fine_grained_idx.csv,COLO783-rep1,COLO783,rep1,rep1,COLO783-rep1,27139401,25665111,887600,0.0327052170385043,3045416,0.164656295980545,800326,1098209,14855118,15450178
U:/processed_data/reprocess_250221/nova230516/COLO783-rep2_umi_dedup_fine_grained_idx.csv,COLO783-rep2_umi_dedup_fine_grained_idx.csv,COLO783-rep2,COLO783,rep2,rep2,COLO783-rep2,19747473,18668157,655607,0.0331995389992431,2213246,0.166350150468897,628757,742910,10660104,11091497
U:/processed_data/reprocess_250221/nova230516/COLO783-rep3_umi_dedup_fine_grained_idx.csv,COLO783-rep3_umi_dedup_fine_grained_idx.csv,COLO783-rep3,COLO783,rep3,rep3,COLO783-rep3,15820456,14978082,518325,0.0327629620789692,1770092,0.166391852374293,482123,598569,8521139,8868001
U:/processed_data/reprocess_250221/nova230516/DAOY-rep1_umi_dedup_fine_grained_idx.csv,DAOY-rep1_umi_dedup_fine_grained_idx.csv,DAOY-rep1,DAOY,rep1,rep1,DAOY-rep1,70094164,66059245,2243679,0.032009497966193,7852220,0.164933163086413,2476475,3206380,38248520,39756277
U:/processed_data/reprocess_250221/nova230516/DAOY-rep2_umi_dedup_fine_grained_idx.csv,DAOY-rep2_umi_dedup_fine_grained_idx.csv,DAOY-rep2,DAOY,rep2,rep2,DAOY-rep2,92100170,86838437,2961470,0.0321548809301872,10300114,0.165664338813599,3563416,3987201,49886041,51874486
U:/processed_data/reprocess_250221/nova230516/DAOY-rep3_umi_dedup_fine_grained_idx.csv,DAOY-rep3_umi_dedup_fine_grained_idx.csv,DAOY-rep3,DAOY,rep3,rep3,DAOY-rep3,81040333,76525406,2593756,0.0320057421284288,9057281,0.166347420051212,2815244,3382830,43657516,45390699
U:/processed_data/reprocess_250221/nova230516/DBTR05MG-rep1_umi_dedup_fine_grained_idx.csv,DBTR05MG-rep1_umi_dedup_fine_grained_idx.csv,DBTR05MG-rep1,DBTRG05MG,rep1,rep1,DBTRG05MG-rep1,33889391,31980444,1122604,0.0331255288712624,3277675,0.165782984740636,1052515,1763920,15670730,16493202
U:/processed_data/reprocess_250221/nova230516/DBTR05MG-rep2_umi_dedup_fine_grained_idx.csv,DBTR05MG-rep2_umi_dedup_fine_grained_idx.csv,DBTR05MG-rep2,DBTRG05MG,rep2,rep2,DBTRG05MG-rep2,19844401,18621585,660478,0.0332828388218924,1941835,0.167274228655563,602799,1062538,9185850,9666857
U:/processed_data/reprocess_250221/nova230516/DBTR05MG-rep3_umi_dedup_fine_grained_idx.csv,DBTR05MG-rep3_umi_dedup_fine_grained_idx.csv,DBTR05MG-rep3,DBTRG05MG,rep3,rep3,DBTRG05MG-rep3,22066968,20742968,741493,0.033601942958362,2147774,0.166974438328056,705140,1213105,10188619,10715117
U:/processed_data/reprocess_250221/nova230516/EFO27-rep1_umi_dedup_fine_grained_idx.csv,EFO27-rep1_umi_dedup_fine_grained_idx.csv,EFO27-rep1,EFO27,rep1,rep1,EFO27-rep1,46189898,43575619,1510256,0.0326966731989752,4819767,0.168802299940955,2066277,2399365,22590500,23732966
U:/processed_data/reprocess_250221/nova230516/EFO27-rep2_umi_dedup_fine_grained_idx.csv,EFO27-rep2_umi_dedup_fine_grained_idx.csv,EFO27-rep2,EFO27,rep2,rep2,EFO27-rep2,20788567,19598002,684387,0.0329213167987962,2153948,0.168738753905507,997067,1175126,10098062,10611039
U:/processed_data/reprocess_250221/nova230516/EFO27-rep3_umi_dedup_fine_grained_idx.csv,EFO27-rep3_umi_dedup_fine_grained_idx.csv,EFO27-rep3,EFO27,rep3,rep3,EFO27-rep3,54368980,51181585,1783576,0.032805029632706,5674468,0.169419354842562,2567701,2919704,26477761,27819155
U:/processed_data/reprocess_250221/nova230516/GAMG-rep1_umi_dedup_fine_grained_idx.csv,GAMG-rep1_umi_dedup_fine_grained_idx.csv,GAMG-rep1,GAMG,rep1,rep1,GAMG-rep1,55505812,52189478,1861535,0.0335376590833407,6081384,0.177527204815217,1984621,3344265,26586206,28174684
U:/processed_data/reprocess_250221/nova230516/GAMG-rep2_umi_dedup_fine_grained_idx.csv,GAMG-rep2_umi_dedup_fine_grained_idx.csv,GAMG-rep2,GAMG,rep2,rep2,GAMG-rep2,40327944,37786729,1345238,0.0333574654834871,4384918,0.175264528482038,1387484,2461880,19478174,20633938
U:/processed_data/reprocess_250221/nova230516/GAMG-rep3_umi_dedup_fine_grained_idx.csv,GAMG-rep3_umi_dedup_fine_grained_idx.csv,GAMG-rep3,GAMG,rep3,rep3,GAMG-rep3,54093911,50901526,1810904,0.0334770395876904,5835230,0.17455045755694,2003472,3210841,26064026,27594817
U:/processed_data/reprocess_250221/nova230516/GB1-rep1_umi_dedup_fine_grained_idx.csv,GB1-rep1_umi_dedup_fine_grained_idx.csv,GB1-rep1,GB1,rep1,rep1,GB1-rep1,32489951,30459726,1074021,0.0330570212309646,3394791,0.174496678447845,1008586,1837673,15194770,16059969
U:/processed_data/reprocess_250221/nova230516/GB1-rep2_umi_dedup_fine_grained_idx.csv,GB1-rep2_umi_dedup_fine_grained_idx.csv,GB1-rep2,GB1,rep2,rep2,GB1-rep2,31268292,29352460,1029698,0.0329310600016144,3300502,0.174225504624165,934686,1758066,14807946,15643349
U:/processed_data/reprocess_250221/nova230516/GB1-rep3_umi_dedup_fine_grained_idx.csv,GB1-rep3_umi_dedup_fine_grained_idx.csv,GB1-rep3,GB1,rep3,rep3,GB1-rep3,21963523,20722114,726948,0.0330979688458905,2256950,0.172749769591708,791962,1269478,10219148,10807901
U:/processed_data/reprocess_250221/nova230516/GI1-rep1_umi_dedup_fine_grained_idx.csv,GI1-rep1_umi_dedup_fine_grained_idx.csv,GI1-rep1,GI1,rep1,rep1,GI1-rep1,34294032,32479963,1103383,0.0321741987060606,4108824,0.162010840562754,739287,1434338,20428245,21252590
U:/processed_data/reprocess_250221/nova230516/GI1-rep2_umi_dedup_fine_grained_idx.csv,GI1-rep2_umi_dedup_fine_grained_idx.csv,GI1-rep2,GI1,rep2,rep2,GI1-rep2,30658059,28965014,992167,0.0323623553598093,3608521,0.161848830797574,662374,1265240,17956465,18687105
U:/processed_data/reprocess_250221/nova230516/GI1-rep3_umi_dedup_fine_grained_idx.csv,GI1-rep3_umi_dedup_fine_grained_idx.csv,GI1-rep3,GI1,rep3,rep3,GI1-rep3,33526041,31700200,1089271,0.0324902961253314,3981394,0.161971220468858,706215,1401821,19792794,20599479
U:/processed_data/reprocess_250221/nova230516/HCC1428-rep1_umi_dedup_fine_grained_idx.csv,HCC1428-rep1_umi_dedup_fine_grained_idx.csv,HCC1428-rep1,HCC1428,rep1,rep1,HCC1428-rep1,95139256,89858835,3121054,0.0328051125394548,10078198,0.16508906075163,3794448,4756247,48802434,50968839
U:/processed_data/reprocess_250221/nova230516/HCC1428-rep2_umi_dedup_fine_grained_idx.csv,HCC1428-rep2_umi_dedup_fine_grained_idx.csv,HCC1428-rep2,HCC1428,rep2,rep2,HCC1428-rep2,27090903,25388328,897541,0.0331307155025434,2880647,0.173304440506397,941236,1468655,13095583,13741241
U:/processed_data/reprocess_250221/nova230516/HCC1428-rep3_umi_dedup_fine_grained_idx.csv,HCC1428-rep3_umi_dedup_fine_grained_idx.csv,HCC1428-rep3,HCC1428,rep3,rep3,HCC1428-rep3,55049524,51956191,1824444,0.0331418669487496,5782353,0.169045540666989,1941160,2705892,27140619,28423536
U:/processed_data/reprocess_250221/nova230516/HCC38-rep1_umi_dedup_fine_grained_idx.csv,HCC38-rep1_umi_dedup_fine_grained_idx.csv,HCC38-rep1,HCC38,rep1,rep1,HCC38-rep1,45002370,42510161,1495577,0.0332332941576188,3954727,0.160064621192359,1893423,1390692,19823882,20752338
U:/processed_data/reprocess_250221/nova230516/HCC38-rep2_umi_dedup_fine_grained_idx.csv,HCC38-rep2_umi_dedup_fine_grained_idx.csv,HCC38-rep2,HCC38,rep2,rep2,HCC38-rep2,35850687,33795634,1189968,0.0331923346406165,3166993,0.160729434110861,1613537,1115361,15795181,16536884
U:/processed_data/reprocess_250221/nova230516/HCC38-rep3_umi_dedup_fine_grained_idx.csv,HCC38-rep3_umi_dedup_fine_grained_idx.csv,HCC38-rep3,HCC38,rep3,rep3,HCC38-rep3,42465929,39803768,1420985,0.0334617664904964,3802756,0.162616098581356,1574924,1289775,18696408,19582112
U:/processed_data/reprocess_250221/nova230516/HEK-rep1_umi_dedup_fine_grained_idx.csv,HEK-rep1_umi_dedup_fine_grained_idx.csv,HEK-rep1,HEK,rep1,rep1,HEK-rep1,17934865,16861730,613331,0.0341976925948425,2457273,0.25961518042307,256787,389358,6715124,7007786
U:/processed_data/reprocess_250221/nova230516/HEK-rep2_umi_dedup_fine_grained_idx.csv,HEK-rep2_umi_dedup_fine_grained_idx.csv,HEK-rep2,HEK,rep2,rep2,HEK-rep2,17590283,16586623,601569,0.034198938129648,2289706,0.246257375226123,288394,415673,6717232,7008314
U:/processed_data/reprocess_250221/nova230516/HEK-rep3_umi_dedup_fine_grained_idx.csv,HEK-rep3_umi_dedup_fine_grained_idx.csv,HEK-rep3,HEK,rep3,rep3,HEK-rep3,18370368,17258888,630622,0.0343282181391249,2263463,0.236675703396318,303501,424452,6995597,7300100
U:/processed_data/reprocess_250221/nova230516/HEK-rep4_umi_dedup_fine_grained_idx.csv,HEK-rep4_umi_dedup_fine_grained_idx.csv,HEK-rep4,HEK,rep4,rep1,HEK-rep1,15402945,14532588,525445,0.0341132815834894,1815622,0.224471525929201,300348,404871,6010510,6272807
U:/processed_data/reprocess_250221/nova230516/HEK-rep5_umi_dedup_fine_grained_idx.csv,HEK-rep5_umi_dedup_fine_grained_idx.csv,HEK-rep5,HEK,rep5,rep2,HEK-rep2,20258209,19074562,691668,0.0341426036230547,2885713,0.269875915808296,268202,405868,7481898,7807027
U:/processed_data/reprocess_250221/nova230516/HEK-rep6_umi_dedup_fine_grained_idx.csv,HEK-rep6_umi_dedup_fine_grained_idx.csv,HEK-rep6,HEK,rep6,rep3,HEK-rep3,18889862,17766616,646025,0.0341995616484652,2609347,0.260944955136737,273156,404196,7081892,7390260
U:/processed_data/reprocess_250221/nova230516/IGR37-rep1_umi_dedup_fine_grained_idx.csv,IGR37-rep1_umi_dedup_fine_grained_idx.csv,IGR37-rep1,IGR37,rep1,rep1,IGR37-rep1,11599902,10971201,388565,0.0334972657527624,1106669,0.165088089724989,421514,440289,5341531,5596837
U:/processed_data/reprocess_250221/nova230516/IGR37-rep2_umi_dedup_fine_grained_idx.csv,IGR37-rep2_umi_dedup_fine_grained_idx.csv,IGR37-rep2,IGR37,rep2,rep2,IGR37-rep2,11257458,10657480,375990,0.0333991918957193,1072123,0.164761750644795,391429,415199,5186710,5434988
U:/processed_data/reprocess_250221/nova230516/IGR37-rep3_umi_dedup_fine_grained_idx.csv,IGR37-rep3_umi_dedup_fine_grained_idx.csv,IGR37-rep3,IGR37,rep3,rep3,IGR37-rep3,11076535,10434871,371176,0.0335101184621364,1067556,0.16548002656222,354914,410341,5138972,5383712
U:/processed_data/reprocess_250221/nova230516/IPC298-rep1_umi_dedup_fine_grained_idx.csv,IPC298-rep1_umi_dedup_fine_grained_idx.csv,IPC298-rep1,IPC298,rep1,rep1,IPC298-rep1,23375150,22013746,773993,0.0331117875179411,2887161,0.185421017748561,468976,1328408,12060568,12683679
U:/processed_data/reprocess_250221/nova230516/IPC298-rep2_umi_dedup_fine_grained_idx.csv,IPC298-rep2_umi_dedup_fine_grained_idx.csv,IPC298-rep2,IPC298,rep2,rep2,IPC298-rep2,58263034,54901790,1928649,0.0331024470850591,8854277,0.226643875002672,989828,2892631,28727450,30212638
U:/processed_data/reprocess_250221/nova230516/IPC298-rep3_umi_dedup_fine_grained_idx.csv,IPC298-rep3_umi_dedup_fine_grained_idx.csv,IPC298-rep3,IPC298,rep3,rep3,IPC298-rep3,17059283,16028202,556465,0.0326194834800501,2069063,0.17367192031312,299972,1161039,9369079,9844567
U:/processed_data/reprocess_250221/nova230516/JHH6-rep1_umi_dedup_fine_grained_idx.csv,JHH6-rep1_umi_dedup_fine_grained_idx.csv,JHH6-rep1,JHH6,rep1,rep1,JHH6-rep1,21235482,20054532,707294,0.0333071789941005,2151401,0.164539976603121,803527,1036340,10414363,10923847
U:/processed_data/reprocess_250221/nova230516/JHH6-rep2_umi_dedup_fine_grained_idx.csv,JHH6-rep2_umi_dedup_fine_grained_idx.csv,JHH6-rep2,JHH6,rep2,rep2,JHH6-rep2,39322072,37037581,1303677,0.0331538226164684,4048420,0.165477157304178,1310988,1743970,19468951,20416709
U:/processed_data/reprocess_250221/nova230516/JHH6-rep3_umi_dedup_fine_grained_idx.csv,JHH6-rep3_umi_dedup_fine_grained_idx.csv,JHH6-rep3,JHH6,rep3,rep3,JHH6-rep3,35532294,33575345,1180117,0.0332125192930127,3651547,0.165307666360683,1300191,1601772,17590362,18437852
U:/processed_data/reprocess_250221/nova230516/JHOM-rep1_umi_dedup_fine_grained_idx.csv,JHOM-rep1_umi_dedup_fine_grained_idx.csv,JHOM-rep1,JHOM1,rep1,rep1,JHOM1-rep1,30780959,29038044,1017928,0.0330700547698985,2773203,0.16795056982432,2242730,989664,13142145,13738816
U:/processed_data/reprocess_250221/nova230516/JHOM-rep2_umi_dedup_fine_grained_idx.csv,JHOM-rep2_umi_dedup_fine_grained_idx.csv,JHOM-rep2,JHOM1,rep2,rep2,JHOM1-rep2,32802273,30908594,1075376,0.0327835817962981,2988075,0.171824561405526,2604228,1032197,13776123,14402192
U:/processed_data/reprocess_250221/nova230516/JHOM-rep3_umi_dedup_fine_grained_idx.csv,JHOM-rep3_umi_dedup_fine_grained_idx.csv,JHOM-rep3,JHOM1,rep3,rep3,JHOM1-rep3,40171079,37891687,1313114,0.0326880440527873,3856723,0.180034104839003,3098450,1217148,16809111,17565457
U:/processed_data/reprocess_250221/nova230516/K562_2ugNuc-rep1_umi_dedup_fine_grained_idx.csv,K562_2ugNuc-rep1_umi_dedup_fine_grained_idx.csv,K562_2ugNuc-rep1,K562,rep1,rep1,K562-rep1,11684409,11023139,384054,0.0328689281588825,1404980,0.171225138791833,207318,609788,6540641,6800474
U:/processed_data/reprocess_250221/nova230516/K562_2ugNuc-rep2_umi_dedup_fine_grained_idx.csv,K562_2ugNuc-rep2_umi_dedup_fine_grained_idx.csv,K562_2ugNuc-rep2,K562,rep2,rep2,K562-rep2,43358173,40859882,1424503,0.0328543133032842,5069974,0.173135531633134,1180619,2272897,23243892,24213293
U:/processed_data/reprocess_250221/nova230516/K562_2ugNuc-rep3_umi_dedup_fine_grained_idx.csv,K562_2ugNuc-rep3_umi_dedup_fine_grained_idx.csv,K562_2ugNuc-rep3,K562,rep3,rep3,K562-rep3,11639245,10975568,383102,0.0329146778850346,1394185,0.170645458520051,201998,617529,6515667,6775883
U:/processed_data/reprocess_250221/nova230516/Kelly-rep1_umi_dedup_fine_grained_idx.csv,Kelly-rep1_umi_dedup_fine_grained_idx.csv,Kelly-rep1,Kelly,rep1,rep1,Kelly-rep1,77121805,72847719,2529316,0.032796379700916,8747955,0.16230257329382,2120420,2888208,43278100,45151098
U:/processed_data/reprocess_250221/nova230516/Kelly-rep2_umi_dedup_fine_grained_idx.csv,Kelly-rep2_umi_dedup_fine_grained_idx.csv,Kelly-rep2,Kelly,rep2,rep2,Kelly-rep2,53705486,50794175,1750097,0.0325869316218459,6167185,0.16309739505016,1516561,2030123,30291731,31645712
U:/processed_data/reprocess_250221/nova230516/Kelly-rep3_umi_dedup_fine_grained_idx.csv,Kelly-rep3_umi_dedup_fine_grained_idx.csv,Kelly-rep3,Kelly,rep3,rep3,Kelly-rep3,73381436,69318619,2389531,0.0325631539835225,8310803,0.162176183163403,1970389,2737986,41156792,42934718
U:/processed_data/reprocess_250221/nova230516/KMRC1-rep1_umi_dedup_fine_grained_idx.csv,KMRC1-rep1_umi_dedup_fine_grained_idx.csv,KMRC1-rep1,KMRC1,rep1,rep1,KMRC1-rep1,50931559,47481693,1682966,0.0330436773003552,7081628,0.225001159696941,2125544,3263565,23117303,24392112
U:/processed_data/reprocess_250221/nova230516/KMRC1-rep2_umi_dedup_fine_grained_idx.csv,KMRC1-rep2_umi_dedup_fine_grained_idx.csv,KMRC1-rep2,KMRC1,rep2,rep2,KMRC1-rep2,22293700,20985662,686877,0.0308103634659119,2535657,0.178010522294271,755969,1414979,11080120,11708765
U:/processed_data/reprocess_250221/nova230516/KMRC1-rep3_umi_dedup_fine_grained_idx.csv,KMRC1-rep3_umi_dedup_fine_grained_idx.csv,KMRC1-rep3,KMRC1,rep3,rep3,KMRC1-rep3,39768532,37094940,1346319,0.0338538772313748,5306893,0.213071696196917,1559747,2366157,18578218,19599714
U:/processed_data/reprocess_250221/nova230516/KMRC20-rep1_umi_dedup_fine_grained_idx.csv,KMRC20-rep1_umi_dedup_fine_grained_idx.csv,KMRC20-rep1,KMRC20,rep1,rep1,KMRC20-rep1,16541019,15612709,540282,0.032663163013113,1985952,0.169794314779593,507556,789891,9286691,9710270
U:/processed_data/reprocess_250221/nova230516/KMRC20-rep2_umi_dedup_fine_grained_idx.csv,KMRC20-rep2_umi_dedup_fine_grained_idx.csv,KMRC20-rep2,KMRC20,rep2,rep2,KMRC20-rep2,28304699,26698053,934674,0.0330218667932134,3328430,0.166697501052493,882435,1391226,15917687,16638456
U:/processed_data/reprocess_250221/nova230516/KMRC20-rep3_umi_dedup_fine_grained_idx.csv,KMRC20-rep3_umi_dedup_fine_grained_idx.csv,KMRC20-rep3,KMRC20,rep3,rep3,KMRC20-rep3,20292886,19153954,655357,0.0322949135968142,2397491,0.166209608747005,584287,1007187,11519838,12027012
U:/processed_data/reprocess_250221/nova230516/KNS60-rep1_umi_dedup_fine_grained_idx.csv,KNS60-rep1_umi_dedup_fine_grained_idx.csv,KNS60-rep1,KNS60,rep1,rep1,KNS60-rep1,40747125,38385682,1365102,0.0335017992066925,4396068,0.18144571280667,2412013,1837420,18844076,19831939
U:/processed_data/reprocess_250221/nova230516/KNS60-rep2_umi_dedup_fine_grained_idx.csv,KNS60-rep2_umi_dedup_fine_grained_idx.csv,KNS60-rep2,KNS60,rep2,rep2,KNS60-rep2,41778092,39402715,1395912,0.0334125359291181,4389328,0.177054571006526,2677771,1835220,19401067,20401492
U:/processed_data/reprocess_250221/nova230516/KNS60-rep3_umi_dedup_fine_grained_idx.csv,KNS60-rep3_umi_dedup_fine_grained_idx.csv,KNS60-rep3,KNS60,rep3,rep3,KNS60-rep3,38784834,36533560,1295123,0.0333925111036958,4007276,0.174057898867555,2286825,1662813,18076352,19015385
U:/processed_data/reprocess_250221/nova230516/MCF7-rep1_umi_dedup_fine_grained_idx.csv,MCF7-rep1_umi_dedup_fine_grained_idx.csv,MCF7-rep1,MCF7,rep1,rep1,MCF7-rep1,24952170,23526205,828878,0.0332186739670337,2666063,0.168007396183839,695321,961289,12620166,13202661
U:/processed_data/reprocess_250221/nova230516/MCF7-rep2_umi_dedup_fine_grained_idx.csv,MCF7-rep2_umi_dedup_fine_grained_idx.csv,MCF7-rep2,MCF7,rep2,rep2,MCF7-rep2,33557370,31610067,1123569,0.0334820339019417,3584527,0.167466539764629,881160,1288308,17057249,17819910
U:/processed_data/reprocess_250221/nova230516/MCF7-rep3_umi_dedup_fine_grained_idx.csv,MCF7-rep3_umi_dedup_fine_grained_idx.csv,MCF7-rep3,MCF7,rep3,rep3,MCF7-rep3,28818402,27205439,960552,0.0333312027502427,3006128,0.167151139676466,759969,1004630,14279798,14978362
U:/processed_data/reprocess_250221/nova230516/MDAMB231-rep1_umi_dedup_fine_grained_idx.csv,MDAMB231-rep1_umi_dedup_fine_grained_idx.csv,MDAMB231-rep1,MDAMB231,rep1,rep1,MDAMB231-rep1,22116869,20904117,728187,0.0329245066288542,2343663,0.166209017894647,934215,675051,11162778,11757034
U:/processed_data/reprocess_250221/nova230516/MDAMB231-rep2_umi_dedup_fine_grained_idx.csv,MDAMB231-rep2_umi_dedup_fine_grained_idx.csv,MDAMB231-rep2,MDAMB231,rep2,rep2,MDAMB231-rep2,50881383,48105865,1661021,0.0326449656449,5283171,0.164244177144809,1796123,1401516,25518973,26883394
U:/processed_data/reprocess_250221/nova230516/MDAMB231-rep3_umi_dedup_fine_grained_idx.csv,MDAMB231-rep3_umi_dedup_fine_grained_idx.csv,MDAMB231-rep3,MDAMB231,rep3,rep3,MDAMB231-rep3,36421206,34393580,1197538,0.0328802401545956,3745516,0.164506894282976,1326299,1023089,18051649,19022624
U:/processed_data/reprocess_250221/nova230516/MELHO-rep1_umi_dedup_fine_grained_idx.csv,MELHO-rep1_umi_dedup_fine_grained_idx.csv,MELHO-rep1,MELHO,rep1,rep1,MELHO-rep1,10982203,10387050,351872,0.032040201770082,1207586,0.165628618367543,265725,355810,5831032,6083340
U:/processed_data/reprocess_250221/nova230516/MELHO-rep2_umi_dedup_fine_grained_idx.csv,MELHO-rep2_umi_dedup_fine_grained_idx.csv,MELHO-rep2,MELHO,rep2,rep2,MELHO-rep2,18555770,17568355,595291,0.0320811801396547,2037929,0.165071620737411,429748,595509,9883850,10307797
U:/processed_data/reprocess_250221/nova230516/MELHO-rep3_umi_dedup_fine_grained_idx.csv,MELHO-rep3_umi_dedup_fine_grained_idx.csv,MELHO-rep3,MELHO,rep3,rep3,MELHO-rep3,26977100,25613716,860322,0.0318908259227271,3040419,0.163983417304824,630741,881306,14871775,15500596
U:/processed_data/reprocess_250221/nova230516/MEWO-rep1_umi_dedup_fine_grained_idx.csv,MEWO-rep1_umi_dedup_fine_grained_idx.csv,MEWO-rep1,MeWo,rep1,rep1,MeWo-rep1,41931215,39520201,1399301,0.0333713439975446,5038346,0.202685556081611,821127,1327107,18897705,19819597
U:/processed_data/reprocess_250221/nova230516/MEWO-rep2_umi_dedup_fine_grained_idx.csv,MEWO-rep2_umi_dedup_fine_grained_idx.csv,MEWO-rep2,MeWo,rep2,rep2,MeWo-rep2,54192253,51055380,1812411,0.033444097627755,7189324,0.221990275294133,930645,1640796,24017434,25196437
U:/processed_data/reprocess_250221/nova230516/MEWO-rep3_umi_dedup_fine_grained_idx.csv,MEWO-rep3_umi_dedup_fine_grained_idx.csv,MEWO-rep3,MeWo,rep3,rep3,MeWo-rep3,53147091,49945601,1767905,0.0332643794182451,6972111,0.219499686575683,869141,1598901,23637684,24791538
U:/processed_data/reprocess_250221/nova230516/OC314-rep1_umi_dedup_fine_grained_idx.csv,OC314-rep1_umi_dedup_fine_grained_idx.csv,OC314-rep1,OC314,rep1,rep1,OC314-rep1,44427507,41894567,1469302,0.033071898452461,5054202,0.170812431417106,1727178,2291967,23335290,24534991
U:/processed_data/reprocess_250221/nova230516/OC314-rep2_umi_dedup_fine_grained_idx.csv,OC314-rep2_umi_dedup_fine_grained_idx.csv,OC314-rep2,OC314,rep2,rep2,OC314-rep2,11763288,11124709,388463,0.0330233349723309,1382399,0.170343584391913,473045,624916,6407095,6732958
U:/processed_data/reprocess_250221/nova230516/OC314-rep3_umi_dedup_fine_grained_idx.csv,OC314-rep3_umi_dedup_fine_grained_idx.csv,OC314-rep3,OC314,rep3,rep3,OC314-rep3,6759576,6383492,223115,0.0330072477918733,768510,0.170612004046682,220622,320060,3552495,3735921
U:/processed_data/reprocess_250221/nova230516/OC316-rep1_umi_dedup_fine_grained_idx.csv,OC316-rep1_umi_dedup_fine_grained_idx.csv,OC316-rep1,OC316,rep1,rep1,OC316-rep1,36425461,34253983,1215645,0.0333734966319301,4455228,0.187950425138557,1113452,1690234,18250991,19249044
U:/processed_data/reprocess_250221/nova230516/OC316-rep2_umi_dedup_fine_grained_idx.csv,OC316-rep2_umi_dedup_fine_grained_idx.csv,OC316-rep2,OC316,rep2,rep2,OC316-rep2,34832673,32798840,1165198,0.033451294421189,4119557,0.181741967916887,1055209,1584566,17589835,18547508
U:/processed_data/reprocess_250221/nova230516/OC316-rep3_umi_dedup_fine_grained_idx.csv,OC316-rep3_umi_dedup_fine_grained_idx.csv,OC316-rep3,OC316,rep3,rep3,OC316-rep3,34132339,32119233,1134887,0.0332496111678722,4052670,0.180807309475235,961129,1544298,17419324,18361634
U:/processed_data/reprocess_250221/nova230516/OVTOKO-rep1_umi_dedup_fine_grained_idx.csv,OVTOKO-rep1_umi_dedup_fine_grained_idx.csv,OVTOKO-rep1,OVTOKO,rep1,rep1,OVTOKO-rep1,37190728,34836286,1220932,0.0328289352120238,4010461,0.167367498363868,1274602,2440025,19000673,19951545
U:/processed_data/reprocess_250221/nova230516/OVTOKO-rep2_umi_dedup_fine_grained_idx.csv,OVTOKO-rep2_umi_dedup_fine_grained_idx.csv,OVTOKO-rep2,OVTOKO,rep2,rep2,OVTOKO-rep2,29894979,27929374,992978,0.0332155443226771,3209768,0.168270612962408,1047749,1917741,15115823,15865268
U:/processed_data/reprocess_250221/nova230516/OVTOKO-rep3_umi_dedup_fine_grained_idx.csv,OVTOKO-rep3_umi_dedup_fine_grained_idx.csv,OVTOKO-rep3,OVTOKO,rep3,rep3,OVTOKO-rep3,34340708,32200738,1131978,0.0329631526525312,3706717,0.168728325835949,1328411,2325158,17389245,18261835
U:/processed_data/reprocess_250221/nova230516/PLCPRF5-rep1_umi_dedup_fine_grained_idx.csv,PLCPRF5-rep1_umi_dedup_fine_grained_idx.csv,PLCPRF5-rep1,PLCPRF5,rep1,rep1,PLCPRF5-rep1,44972796,42331201,1487172,0.0330682575306192,5471154,0.198308096429609,1317370,2005898,21040856,22118007
U:/processed_data/reprocess_250221/nova230516/PLCPRF5-rep2_umi_dedup_fine_grained_idx.csv,PLCPRF5-rep2_umi_dedup_fine_grained_idx.csv,PLCPRF5-rep2,PLCPRF5,rep2,rep2,PLCPRF5-rep2,40601718,38259105,1339922,0.0330016084541053,4639873,0.186256764787998,1289377,1752240,19296492,20271292
U:/processed_data/reprocess_250221/nova230516/PLCPRF5-rep3_umi_dedup_fine_grained_idx.csv,PLCPRF5-rep3_umi_dedup_fine_grained_idx.csv,PLCPRF5-rep3,PLCPRF5,rep3,rep3,PLCPRF5-rep3,34608379,32620870,1133220,0.032744093561851,3718612,0.17440493641388,980883,1556162,16767759,17603101
U:/processed_data/reprocess_250221/nova230516/RVH421-rep1_umi_dedup_fine_grained_idx.csv,RVH421-rep1_umi_dedup_fine_grained_idx.csv,RVH421-rep1,RVH421,rep1,rep1,RVH421-rep1,33338487,31384425,1101591,0.0330426212803238,3639968,0.164654203681393,560017,1337573,17824483,18466774
U:/processed_data/reprocess_250221/nova230516/RVH421-rep2_umi_dedup_fine_grained_idx.csv,RVH421-rep2_umi_dedup_fine_grained_idx.csv,RVH421-rep2,RVH421,rep2,rep2,RVH421-rep2,31071897,29279870,987442,0.0317792634289435,3445889,0.166260122001998,575066,1193326,16663978,17280001
U:/processed_data/reprocess_250221/nova230516/RVH421-rep3_umi_dedup_fine_grained_idx.csv,RVH421-rep3_umi_dedup_fine_grained_idx.csv,RVH421-rep3,RVH421,rep3,rep3,RVH421-rep3,40870070,38569996,1314933,0.0321734951762989,4587553,0.168391223701311,774691,1682049,21857463,22655868
U:/processed_data/reprocess_250221/nova230516/SF126-rep1_umi_dedup_fine_grained_idx.csv,SF126-rep1_umi_dedup_fine_grained_idx.csv,SF126-rep1,SF126,rep1,rep1,SF126-rep1,28400489,26782404,943287,0.0332137591011197,3151283,0.168847511598182,996392,1450518,14752091,15512202
U:/processed_data/reprocess_250221/nova230516/SF126-rep2_umi_dedup_fine_grained_idx.csv,SF126-rep2_umi_dedup_fine_grained_idx.csv,SF126-rep2,SF126,rep2,rep2,SF126-rep2,35727134,33786813,1179953,0.033026802541732,3933459,0.168755224720077,1196151,1809538,18425641,19375206
U:/processed_data/reprocess_250221/nova230516/SF126-rep3_umi_dedup_fine_grained_idx.csv,SF126-rep3_umi_dedup_fine_grained_idx.csv,SF126-rep3,SF126,rep3,rep3,SF126-rep3,33207956,31356619,1098292,0.0330731587334071,3564371,0.166872590542015,1115054,1617625,16922602,17795464
U:/processed_data/reprocess_250221/nova230516/SKNAS-rep1_umi_dedup_fine_grained_idx.csv,SKNAS-rep1_umi_dedup_fine_grained_idx.csv,SKNAS-rep1,SKNAS,rep1,rep1,SKNAS-rep1,64211542,60512718,2086599,0.0324956999163795,6854847,0.166836171619475,3708399,3014874,32754634,34232448
U:/processed_data/reprocess_250221/nova230516/SKNAS-rep2_umi_dedup_fine_grained_idx.csv,SKNAS-rep2_umi_dedup_fine_grained_idx.csv,SKNAS-rep2,SKNAS,rep2,rep2,SKNAS-rep2,73591239,69360144,2408382,0.0327264771286158,7895674,0.168124590916668,4266586,3430753,37355758,39067557
U:/processed_data/reprocess_250221/nova230516/SKNAS-rep3_umi_dedup_fine_grained_idx.csv,SKNAS-rep3_umi_dedup_fine_grained_idx.csv,SKNAS-rep3,SKNAS,rep3,rep3,SKNAS-rep3,63812740,59999741,2070404,0.0324449945261714,6937058,0.167485128606233,3574933,3050581,32993254,34481891
U:/processed_data/reprocess_250221/nova230516/SKNAS_tfx-rep1_umi_dedup_fine_grained_idx.csv,SKNAS_tfx-rep1_umi_dedup_fine_grained_idx.csv,SKNAS_tfx-rep1,SKNAS,rep1,rep1,SKNAS-rep1,20981637,19611789,676896,0.0322613531060517,2219485,0.168845687159805,1122102,843683,10435168,10925565
U:/processed_data/reprocess_250221/nova230516/SKNAS_tfx-rep2_umi_dedup_fine_grained_idx.csv,SKNAS_tfx-rep2_umi_dedup_fine_grained_idx.csv,SKNAS_tfx-rep2,SKNAS,rep2,rep2,SKNAS-rep2,30037253,27999953,968941,0.0322579764534393,3181871,0.170764262775102,1746659,1229458,14760571,15451249
U:/processed_data/reprocess_250221/nova230516/SKNAS_tfx-rep3_umi_dedup_fine_grained_idx.csv,SKNAS_tfx-rep3_umi_dedup_fine_grained_idx.csv,SKNAS_tfx-rep3,SKNAS,rep3,rep3,SKNAS-rep3,32399665,30551104,1047158,0.0323200255311282,3403293,0.168434290843309,2037145,1325718,16049167,16802171
U:/processed_data/reprocess_250221/nova230516/SNU398-rep1_umi_dedup_fine_grained_idx.csv,SNU398-rep1_umi_dedup_fine_grained_idx.csv,SNU398-rep1,SNU398,rep1,rep1,SNU398-rep1,11227390,10622196,358682,0.0319470509174439,1291347,0.161306045502563,359392,430308,6443339,6714224
U:/processed_data/reprocess_250221/nova230516/SNU398-rep2_umi_dedup_fine_grained_idx.csv,SNU398-rep2_umi_dedup_fine_grained_idx.csv,SNU398-rep2,SNU398,rep2,rep2,SNU398-rep2,8363848,7911167,269717,0.0322479557256421,953151,0.162764828762837,255154,345724,4703376,4902850
U:/processed_data/reprocess_250221/nova230516/SNU398-rep3_umi_dedup_fine_grained_idx.csv,SNU398-rep3_umi_dedup_fine_grained_idx.csv,SNU398-rep3,SNU398,rep3,rep3,SNU398-rep3,4318705,4080630,140629,0.0325627705527467,487738,0.163264281415298,116120,179654,2397996,2499676
U:/processed_data/reprocess_250221/nova230516/SNU423-rep1_umi_dedup_fine_grained_idx.csv,SNU423-rep1_umi_dedup_fine_grained_idx.csv,SNU423-rep1,SNU423,rep1,rep1,SNU423-rep1,26850142,25318550,906184,0.0337496911561957,2748482,0.173649285913574,1371827,1843201,12421707,13079294
U:/processed_data/reprocess_250221/nova230516/SNU423-rep2_umi_dedup_fine_grained_idx.csv,SNU423-rep2_umi_dedup_fine_grained_idx.csv,SNU423-rep2,SNU423,rep2,rep2,SNU423-rep2,25830383,24379582,866141,0.0335318682653679,2665872,0.172996617902986,1358888,1802487,12105175,12744094
U:/processed_data/reprocess_250221/nova230516/SNU423-rep3_umi_dedup_fine_grained_idx.csv,SNU423-rep3_umi_dedup_fine_grained_idx.csv,SNU423-rep3,SNU423,rep3,rep3,SNU423-rep3,35760266,33697418,1203007,0.0336408851097472,3708257,0.17555828921877,1995758,2479377,16536796,17414397
U:/processed_data/reprocess_250221/nova230516/SNU449-rep1_umi_dedup_fine_grained_idx.csv,SNU449-rep1_umi_dedup_fine_grained_idx.csv,SNU449-rep1,SNU449,rep1,rep1,SNU449-rep1,7470202,7010116,245083,0.0328080820304458,846628,0.181300924955335,351652,382466,3644927,3823111
U:/processed_data/reprocess_250221/nova230516/SNU449-rep2_umi_dedup_fine_grained_idx.csv,SNU449-rep2_umi_dedup_fine_grained_idx.csv,SNU449-rep2,SNU449,rep2,rep2,SNU449-rep2,7324349,6881550,242378,0.0330920877746268,814149,0.17686280217584,310876,365143,3614551,3789131
U:/processed_data/reprocess_250221/nova230516/SNU449-rep3_umi_dedup_fine_grained_idx.csv,SNU449-rep3_umi_dedup_fine_grained_idx.csv,SNU449-rep3,SNU449,rep3,rep3,SNU449-rep3,14364320,13418318,471929,0.0328542527596155,1580193,0.175242928563848,571955,717379,7092430,7436964
U:/processed_data/reprocess_250221/nova230516/SNUC4-rep1_umi_dedup_fine_grained_idx.csv,SNUC4-rep1_umi_dedup_fine_grained_idx.csv,SNUC4-rep1,SNUC4,rep1,rep1,SNUC4-rep1,27747666,26068483,900924,0.0324684605905232,2896658,0.16085965284643,488494,892365,14510448,15110704
U:/processed_data/reprocess_250221/nova230516/SNUC4-rep2_umi_dedup_fine_grained_idx.csv,SNUC4-rep2_umi_dedup_fine_grained_idx.csv,SNUC4-rep2,SNUC4,rep2,rep2,SNUC4-rep2,23254113,21984167,751613,0.0323217230431451,2474398,0.159450110614415,402856,769595,12533768,13043923
U:/processed_data/reprocess_250221/nova230516/SNUC4-rep3_umi_dedup_fine_grained_idx.csv,SNUC4-rep3_umi_dedup_fine_grained_idx.csv,SNUC4-rep3,SNUC4,rep3,rep3,SNUC4-rep3,23562293,22258474,767851,0.0325881271402575,2442610,0.159722030139383,377727,735436,12340782,12850271
U:/processed_data/reprocess_250221/nova230516/T47D-rep1_umi_dedup_fine_grained_idx.csv,T47D-rep1_umi_dedup_fine_grained_idx.csv,T47D-rep1,T47D,rep1,rep1,T47D-rep1,33435379,31542054,1123791,0.0336108347986724,3234087,0.166983913799378,1461530,1751831,15215579,16133569
U:/processed_data/reprocess_250221/nova230516/T47D-rep2_umi_dedup_fine_grained_idx.csv,T47D-rep2_umi_dedup_fine_grained_idx.csv,T47D-rep2,T47D,rep2,rep2,T47D-rep2,38262147,36069588,1287702,0.0336547240801725,3676980,0.166842252038713,1513610,1960066,17301550,18361682
U:/processed_data/reprocess_250221/nova230516/T47D-rep3_umi_dedup_fine_grained_idx.csv,T47D-rep3_umi_dedup_fine_grained_idx.csv,T47D-rep3,T47D,rep3,rep3,T47D-rep3,37960815,35625024,1277977,0.0336656892113618,3647276,0.168049626870056,1538003,1911249,17011047,18056289
U:/processed_data/reprocess_250221/nova230516/TOV21G-rep1_umi_dedup_fine_grained_idx.csv,TOV21G-rep1_umi_dedup_fine_grained_idx.csv,TOV21G-rep1,TOV21G,rep1,rep1,TOV21G-rep1,40976888,38745977,1372706,0.0334995180697958,4124818,0.169864054167157,1302953,1588443,19183759,20158236
U:/processed_data/reprocess_250221/nova230516/TOV21G-rep2_umi_dedup_fine_grained_idx.csv,TOV21G-rep2_umi_dedup_fine_grained_idx.csv,TOV21G-rep2,TOV21G,rep2,rep2,TOV21G-rep2,56723026,53733477,1888836,0.0332992813183133,5913511,0.170784766310211,1676196,2207693,27334533,28712007
U:/processed_data/reprocess_250221/nova230516/TOV21G-rep3_umi_dedup_fine_grained_idx.csv,TOV21G-rep3_umi_dedup_fine_grained_idx.csv,TOV21G-rep3,TOV21G,rep3,rep3,TOV21G-rep3,53766467,50831370,1802037,0.0335160017116245,5472007,0.172547799967912,1525929,1999442,24975601,26240985
U:/processed_data/reprocess_250221/nova230516/U251MG-rep1_umi_dedup_fine_grained_idx.csv,U251MG-rep1_umi_dedup_fine_grained_idx.csv,U251MG-rep1,U251MG,rep1,rep1,U251MG-rep1,41919549,39418873,1394602,0.0332685354033747,4432614,0.170124091634597,1001956,2044303,20536045,21622567
U:/processed_data/reprocess_250221/nova230516/U251MG-rep2_umi_dedup_fine_grained_idx.csv,U251MG-rep2_umi_dedup_fine_grained_idx.csv,U251MG-rep2,U251MG,rep2,rep2,U251MG-rep2,33934545,32091818,1132139,0.0333624334730287,3431828,0.169724145864443,859826,1549195,15938092,16788206
U:/processed_data/reprocess_250221/nova230516/U251MG-rep3_umi_dedup_fine_grained_idx.csv,U251MG-rep3_umi_dedup_fine_grained_idx.csv,U251MG-rep3,U251MG,rep3,rep3,U251MG-rep3,25891066,24517987,862985,0.0333313815661356,2691659,0.16929875083583,725828,1284810,12542609,13207212
U:/processed_data/reprocess_250221/nova230516/VMRCRCZ-rep1_umi_dedup_fine_grained_idx.csv,VMRCRCZ-rep1_umi_dedup_fine_grained_idx.csv,VMRCRCZ-rep1,VMRCRCZ,rep1,rep1,VMRCRCZ-rep1,74549593,70279470,2480448,0.0332724552902656,8198404,0.1723773395817,3444477,4441316,37473881,39362395
U:/processed_data/reprocess_250221/nova230516/VMRCRCZ-rep2_umi_dedup_fine_grained_idx.csv,VMRCRCZ-rep2_umi_dedup_fine_grained_idx.csv,VMRCRCZ-rep2,VMRCRCZ,rep2,rep2,VMRCRCZ-rep2,90816849,85576409,3033419,0.033401500199594,10038385,0.172964792659213,3894056,5160044,45680483,47998773
U:/processed_data/reprocess_250221/nova230516/VMRCRCZ-rep3_umi_dedup_fine_grained_idx.csv,VMRCRCZ-rep3_umi_dedup_fine_grained_idx.csv,VMRCRCZ-rep3,VMRCRCZ,rep3,rep3,VMRCRCZ-rep3,64790140,61026672,2177864,0.0336141270878563,7053451,0.171126790463027,3170032,3919051,32503748,34164239
U:/processed_data/reprocess_250221/nova240826/A172-rep1-B05_S16_umi_dedup_fine_grained_idx.csv,A172-rep1-B05_S16_umi_dedup_fine_grained_idx.csv,A172-rep1-B05_S16,A172,rep1,rep1,A172-rep1,45286656,41467379,1555364,0.0343448630872635,4224363,0.183762658208163,868484,2118808,17460016,18763784
U:/processed_data/reprocess_250221/nova240826/A172-rep2-B06_S17_umi_dedup_fine_grained_idx.csv,A172-rep2-B06_S17_umi_dedup_fine_grained_idx.csv,A172-rep2-B06_S17,A172,rep2,rep2,A172-rep2,85472230,78218627,2918322,0.0341435107051729,8006917,0.185666697715784,1753985,4275712,32663423,35118302
U:/processed_data/reprocess_250221/nova240826/A172-rep4-B08_S19_umi_dedup_fine_grained_idx.csv,A172-rep4-B08_S19_umi_dedup_fine_grained_idx.csv,A172-rep4-B08_S19,A172,rep4,rep1,A172-rep1,33520831,30645452,1142641,0.0340874902534487,3084095,0.185725954739907,704322,1450724,12570065,13521527
U:/processed_data/reprocess_250221/nova240826/A172-rep5-B09_S20_umi_dedup_fine_grained_idx.csv,A172-rep5-B09_S20_umi_dedup_fine_grained_idx.csv,A172-rep5-B09_S20,A172,rep5,rep2,A172-rep2,36263144,33122983,1253792,0.0345748289227211,3307041,0.187046085163227,682078,1512166,13332795,14373313
U:/processed_data/reprocess_250221/nova240826/A172-rep6-B10_S21_umi_dedup_fine_grained_idx.csv,A172-rep6-B10_S21_umi_dedup_fine_grained_idx.csv,A172-rep6-B10_S21,A172,rep6,rep3,A172-rep3,33144558,30237372,1128328,0.0340426322776729,3071970,0.187919266843438,685718,1426092,12336028,13275316
U:/processed_data/reprocess_250221/nova240826/HEK-rep1-B01_S13_umi_dedup_fine_grained_idx.csv,HEK-rep1-B01_S13_umi_dedup_fine_grained_idx.csv,HEK-rep1-B01_S13,HEK,rep1,rep1,HEK-rep1,34877363,32261400,1178072,0.0337775536527804,3573795,0.18599789561547,517517,1166818,14939344,15640374
U:/processed_data/reprocess_250221/nova240826/HEK-rep2-B02_S14_umi_dedup_fine_grained_idx.csv,HEK-rep2-B02_S14_umi_dedup_fine_grained_idx.csv,HEK-rep2-B02_S14,HEK,rep2,rep2,HEK-rep2,42497823,39343182,1435881,0.0337871659920086,4404425,0.18738129993401,646023,1459820,18246361,19100722
U:/processed_data/reprocess_250221/nova240826/HEK-rep3-B03_S15_umi_dedup_fine_grained_idx.csv,HEK-rep3-B03_S15_umi_dedup_fine_grained_idx.csv,HEK-rep3-B03_S15,HEK,rep3,rep3,HEK-rep3,35949687,33339596,1213253,0.0337486387572721,3665381,0.184715725087311,505594,1152128,15453292,16177981
U:/processed_data/reprocess_250221/nova240826/IPC298-rep1-A07_S7_umi_dedup_fine_grained_idx.csv,IPC298-rep1-A07_S7_umi_dedup_fine_grained_idx.csv,IPC298-rep1-A07_S7,IPC298,rep1,rep1,IPC298-rep1,46403497,42680583,1555173,0.0335141336438502,5314184,0.183455743973416,576188,2135331,22380539,23652933
U:/processed_data/reprocess_250221/nova240826/IPC298-rep2-A08_S8_umi_dedup_fine_grained_idx.csv,IPC298-rep2-A08_S8_umi_dedup_fine_grained_idx.csv,IPC298-rep2-A08_S8,IPC298,rep2,rep2,IPC298-rep2,46126202,42420148,1540606,0.0333998017005606,5296357,0.183283599898523,598441,2119403,22329935,23600702
U:/processed_data/reprocess_250221/nova240826/IPC298-rep3-A09_S9_umi_dedup_fine_grained_idx.csv,IPC298-rep3-A09_S9_umi_dedup_fine_grained_idx.csv,IPC298-rep3-A09_S9,IPC298,rep3,rep3,IPC298-rep3,37913951,34920686,1270607,0.0335129145469434,4383424,0.184462403650546,496536,1762409,18337933,19379814
U:/processed_data/reprocess_250221/nova240826/Kelly-rep1-A10_S10_umi_dedup_fine_grained_idx.csv,Kelly-rep1-A10_S10_umi_dedup_fine_grained_idx.csv,Kelly-rep1-A10_S10,Kelly,rep1,rep1,Kelly-rep1,24520349,22518547,801398,0.032682976902164,3017077,0.185731837404268,388359,853014,12562122,13227187
U:/processed_data/reprocess_250221/nova240826/Kelly-rep2-A11_S11_umi_dedup_fine_grained_idx.csv,Kelly-rep2-A11_S11_umi_dedup_fine_grained_idx.csv,Kelly-rep2-A11_S11,Kelly,rep2,rep2,Kelly-rep2,29340649,26930737,957008,0.0326171380871636,3614385,0.185740331225965,465524,998214,15049779,15844959
U:/processed_data/reprocess_250221/nova240826/Kelly-rep3-A12_S12_umi_dedup_fine_grained_idx.csv,Kelly-rep3-A12_S12_umi_dedup_fine_grained_idx.csv,Kelly-rep3-A12_S12,Kelly,rep3,rep3,Kelly-rep3,22006158,20211669,718083,0.0326310026493493,2741748,0.186902506318935,358188,785555,11332791,11927654
U:/processed_data/reprocess_250221/nova240826/KMRC1-rep1-B11_S22_umi_dedup_fine_grained_idx.csv,KMRC1-rep1-B11_S22_umi_dedup_fine_grained_idx.csv,KMRC1-rep1-B11_S22,KMRC1,rep1,rep1,KMRC1-rep1,68887787,62999033,2311410,0.0335532624962971,8329210,0.206920947359535,1371822,3770839,29880491,31923892
U:/processed_data/reprocess_250221/nova240826/KMRC1-rep2-B12_S23_umi_dedup_fine_grained_idx.csv,KMRC1-rep2-B12_S23_umi_dedup_fine_grained_idx.csv,KMRC1-rep2-B12_S23,KMRC1,rep2,rep2,KMRC1-rep2,62025610,56788880,2082877,0.0335809192364251,7394540,0.204512193003815,1224725,3370441,26916648,28762424
U:/processed_data/reprocess_250221/nova240826/KMRC1-rep3-C01_S24_umi_dedup_fine_grained_idx.csv,KMRC1-rep3-C01_S24_umi_dedup_fine_grained_idx.csv,KMRC1-rep3-C01_S24,KMRC1,rep3,rep3,KMRC1-rep3,50882389,46476748,1704090,0.0334907623932516,6118909,0.204144464499987,841338,3057776,22342450,23854517
U:/processed_data/reprocess_250221/nova240826/KMRC1-rep4-C02_S25_umi_dedup_fine_grained_idx.csv,KMRC1-rep4-C02_S25_umi_dedup_fine_grained_idx.csv,KMRC1-rep4-C02_S25,KMRC1,rep4,rep1,KMRC1-rep1,34880636,31849288,1165468,0.0334130375375036,3977058,0.198480926894906,866554,2113463,15069087,16060424
U:/processed_data/reprocess_250221/nova240826/KMRC1-rep5-C03_S26_umi_dedup_fine_grained_idx.csv,KMRC1-rep5-C03_S26_umi_dedup_fine_grained_idx.csv,KMRC1-rep5-C03_S26,KMRC1,rep5,rep2,KMRC1-rep2,21521085,19640612,723461,0.0336163813302164,2302837,0.19416996918103,313792,1096386,8939429,9557066
U:/processed_data/reprocess_250221/nova240826/KMRC1-rep6-C04_S27_umi_dedup_fine_grained_idx.csv,KMRC1-rep6-C04_S27_umi_dedup_fine_grained_idx.csv,KMRC1-rep6-C04_S27,KMRC1,rep6,rep3,KMRC1-rep3,38651886,35316487,1295104,0.0335068772582016,4394980,0.199608710645851,1055294,2476176,16528439,17622997
U:/processed_data/reprocess_250221/nova240826/KMRC20-rep1-C05_S28_umi_dedup_fine_grained_idx.csv,KMRC20-rep1-C05_S28_umi_dedup_fine_grained_idx.csv,KMRC20-rep1-C05_S28,KMRC20,rep1,rep1,KMRC20-rep1,32748029,29908477,1091744,0.0333377010262205,3796015,0.179005728962348,560137,1322076,16539331,17410094
U:/processed_data/reprocess_250221/nova240826/KMRC20-rep2-C06_S29_umi_dedup_fine_grained_idx.csv,KMRC20-rep2-C06_S29_umi_dedup_fine_grained_idx.csv,KMRC20-rep2-C06_S29,KMRC20,rep2,rep2,KMRC20-rep2,32404496,29592096,1077250,0.0332438436937887,3759218,0.178491073922167,544146,1338539,16434841,17301880
U:/processed_data/reprocess_250221/nova240826/KMRC20-rep3-C07_S30_umi_dedup_fine_grained_idx.csv,KMRC20-rep3-C07_S30_umi_dedup_fine_grained_idx.csv,KMRC20-rep3-C07_S30,KMRC20,rep3,rep3,KMRC20-rep3,30122457,27508586,994769,0.0330241653262216,3483176,0.177543679119599,495977,1159842,15328269,16135523
U:/processed_data/reprocess_250221/nova240826/KMRC20-rep4-C08_S31_umi_dedup_fine_grained_idx.csv,KMRC20-rep4-C08_S31_umi_dedup_fine_grained_idx.csv,KMRC20-rep4-C08_S31,KMRC20,rep4,rep1,KMRC20-rep1,60356081,55048871,1985624,0.032898491205882,7105352,0.183928214342247,1278944,2479262,29915836,31525763
U:/processed_data/reprocess_250221/nova240826/KMRC20-rep5-C09_S32_umi_dedup_fine_grained_idx.csv,KMRC20-rep5-C09_S32_umi_dedup_fine_grained_idx.csv,KMRC20-rep5-C09_S32,KMRC20,rep5,rep2,KMRC20-rep2,53286912,48695344,1751067,0.0328611085588897,6248507,0.182255192334796,1152574,2181472,26615476,28035877
U:/processed_data/reprocess_250221/nova240826/KMRC20-rep6-C10_S33_umi_dedup_fine_grained_idx.csv,KMRC20-rep6-C10_S33_umi_dedup_fine_grained_idx.csv,KMRC20-rep6-C10_S33,KMRC20,rep6,rep3,KMRC20-rep3,55888171,51072376,1851851,0.033134936550348,6585550,0.183145400408621,1190239,2302529,27888494,29372492
U:/processed_data/reprocess_250221/nova240826/MUT-plx-LacZ-rep1-D07_S40_umi_dedup_fine_grained_idx.csv,MUT-plx-LacZ-rep1-D07_S40_umi_dedup_fine_grained_idx.csv,MUT-plx-LacZ-rep1-D07_S40,MUT-plx-LacZ,rep1,rep1,MUT-plx-LacZ-rep1,37297570,34701377,1226669,0.0328887109803668,3902372,0.176301006310812,657712,1143578,17422205,18232340
U:/processed_data/reprocess_250221/nova240826/MUT-plx-LacZ-rep2-D08_S41_umi_dedup_fine_grained_idx.csv,MUT-plx-LacZ-rep2-D08_S41_umi_dedup_fine_grained_idx.csv,MUT-plx-LacZ-rep2-D08_S41,MUT-plx-LacZ,rep2,rep2,MUT-plx-LacZ-rep2,32831627,30626796,1078880,0.0328609971111088,3401028,0.177010966730592,435394,905316,15109894,15812629
U:/processed_data/reprocess_250221/nova240826/MUT-plx-LacZ-rep3-D09_S42_umi_dedup_fine_grained_idx.csv,MUT-plx-LacZ-rep3-D09_S42_umi_dedup_fine_grained_idx.csv,MUT-plx-LacZ-rep3-D09_S42,MUT-plx-LacZ,rep3,rep3,MUT-plx-LacZ-rep3,26823194,25013630,884011,0.0329569625451764,2789000,0.178897623734102,422572,791383,12232769,12800922
U:/processed_data/reprocess_250221/nova240826/MUT-plx317_U2AF1_Q157A-rep1-D01_S34_umi_dedup_fine_grained_idx.csv,MUT-plx317_U2AF1_Q157A-rep1-D01_S34_umi_dedup_fine_grained_idx.csv,MUT-plx317_U2AF1_Q157A-rep1-D01_S34,MUT-plx317_U2AF1_Q157A,rep1,rep1,MUT-plx317_U2AF1_Q157A-rep1,34349494,31997761,1130944,0.032924618918695,3657518,0.177646985339424,486588,1143016,16171489,16931168
U:/processed_data/reprocess_250221/nova240826/MUT-plx317_U2AF1_Q157A-rep2-D02_S35_umi_dedup_fine_grained_idx.csv,MUT-plx317_U2AF1_Q157A-rep2-D02_S35_umi_dedup_fine_grained_idx.csv,MUT-plx317_U2AF1_Q157A-rep2-D02_S35,MUT-plx317_U2AF1_Q157A,rep2,rep2,MUT-plx317_U2AF1_Q157A-rep2,29951502,27902249,988386,0.0329995470677898,3149590,0.177037107986009,385796,989343,13979892,14640974
U:/processed_data/reprocess_250221/nova240826/MUT-plx317_U2AF1_Q157A-rep3-D03_S36_umi_dedup_fine_grained_idx.csv,MUT-plx317_U2AF1_Q157A-rep3-D03_S36_umi_dedup_fine_grained_idx.csv,MUT-plx317_U2AF1_Q157A-rep3-D03_S36,MUT-plx317_U2AF1_Q157A,rep3,rep3,MUT-plx317_U2AF1_Q157A-rep3,27979404,26044895,920838,0.0329112800258361,2985323,0.177281018386774,361873,942229,13233904,13854173
U:/processed_data/reprocess_250221/nova240826/MUT-plx317_U2AF1_WT-rep1-D04_S37_umi_dedup_fine_grained_idx.csv,MUT-plx317_U2AF1_WT-rep1-D04_S37_umi_dedup_fine_grained_idx.csv,MUT-plx317_U2AF1_WT-rep1-D04_S37,MUT-plx317_U2AF1_WT,rep1,rep1,MUT-plx317_U2AF1_WT-rep1,35323989,32913487,1167231,0.0330435784022014,3650825,0.177716080693102,496868,1058545,16137082,16892195
U:/processed_data/reprocess_250221/nova240826/MUT-plx317_U2AF1_WT-rep2-D05_S38_umi_dedup_fine_grained_idx.csv,MUT-plx317_U2AF1_WT-rep2-D05_S38_umi_dedup_fine_grained_idx.csv,MUT-plx317_U2AF1_WT-rep2-D05_S38,MUT-plx317_U2AF1_WT,rep2,rep2,MUT-plx317_U2AF1_WT-rep2,29773047,27716826,976469,0.0327970798554814,3160461,0.177835348262796,526983,966011,13962834,14611377
U:/processed_data/reprocess_250221/nova240826/MUT-plx317_U2AF1_WT-rep3-D06_S39_umi_dedup_fine_grained_idx.csv,MUT-plx317_U2AF1_WT-rep3-D06_S39_umi_dedup_fine_grained_idx.csv,MUT-plx317_U2AF1_WT-rep3-D06_S39,MUT-plx317_U2AF1_WT,rep3,rep3,MUT-plx317_U2AF1_WT-rep3,23123223,21523328,756759,0.0327272283798846,2452148,0.177422048264567,393775,745798,10866653,11368840
U:/processed_data/reprocess_250221/nova240826/MUT-sgCh3-1-rep1-E07_S52_umi_dedup_fine_grained_idx.csv,MUT-sgCh3-1-rep1-E07_S52_umi_dedup_fine_grained_idx.csv,MUT-sgCh3-1-rep1-E07_S52,MUT-sgCh3-1,rep1,rep1,MUT-sgCh3-1-rep1,21372353,19880614,706972,0.0330788098062951,2166581,0.178380572434913,410856,596636,9535162,9979254
U:/processed_data/reprocess_250221/nova240826/MUT-sgCh3-1-rep2-E08_S53_umi_dedup_fine_grained_idx.csv,MUT-sgCh3-1-rep2-E08_S53_umi_dedup_fine_grained_idx.csv,MUT-sgCh3-1-rep2-E08_S53,MUT-sgCh3-1,rep2,rep2,MUT-sgCh3-1-rep2,30685323,28607022,1017259,0.0331513212358886,3095295,0.178492333893825,477506,752956,13613364,14246038
U:/processed_data/reprocess_250221/nova240826/MUT-sgCh3-1-rep3-E09_S54_umi_dedup_fine_grained_idx.csv,MUT-sgCh3-1-rep3-E09_S54_umi_dedup_fine_grained_idx.csv,MUT-sgCh3-1-rep3-E09_S54,MUT-sgCh3-1,rep3,rep3,MUT-sgCh3-1-rep3,24344192,22675970,805248,0.0330776227857552,2498327,0.180184063716516,437876,641077,10861945,11367089
U:/processed_data/reprocess_250221/nova240826/MUT-sgRBM10-rep1-E01_S46_umi_dedup_fine_grained_idx.csv,MUT-sgRBM10-rep1-E01_S46_umi_dedup_fine_grained_idx.csv,MUT-sgRBM10-rep1-E01_S46,MUT-sgRBM10,rep1,rep1,MUT-sgRBM10-rep1,26027576,24253411,849985,0.0326570941527555,2810425,0.174570187473694,423459,717153,12707294,13288687
U:/processed_data/reprocess_250221/nova240826/MUT-sgRBM10-rep2-E02_S47_umi_dedup_fine_grained_idx.csv,MUT-sgRBM10-rep2-E02_S47_umi_dedup_fine_grained_idx.csv,MUT-sgRBM10-rep2-E02_S47,MUT-sgRBM10,rep2,rep2,MUT-sgRBM10-rep2,34376608,32014180,1124322,0.0327060191627981,3689438,0.175379407245195,646217,944572,16585926,17347456
U:/processed_data/reprocess_250221/nova240826/MUT-sgRBM10-rep3-E03_S48_umi_dedup_fine_grained_idx.csv,MUT-sgRBM10-rep3-E03_S48_umi_dedup_fine_grained_idx.csv,MUT-sgRBM10-rep3-E03_S48,MUT-sgRBM10,rep3,rep3,MUT-sgRBM10-rep3,27231537,25357531,891732,0.0327462970599125,2937096,0.176300098699618,550053,759063,13119698,13722543
U:/processed_data/reprocess_250221/nova240826/MUT-sgRBM5-rep1-E04_S49_umi_dedup_fine_grained_idx.csv,MUT-sgRBM5-rep1-E04_S49_umi_dedup_fine_grained_idx.csv,MUT-sgRBM5-rep1-E04_S49,MUT-sgRBM5,rep1,rep1,MUT-sgRBM5-rep1,28324773,26381167,933123,0.0329437062037531,2979653,0.178753575337869,545303,926975,13074976,13689401
U:/processed_data/reprocess_250221/nova240826/MUT-sgRBM5-rep2-E05_S50_umi_dedup_fine_grained_idx.csv,MUT-sgRBM5-rep2-E05_S50_umi_dedup_fine_grained_idx.csv,MUT-sgRBM5-rep2-E05_S50,MUT-sgRBM5,rep2,rep2,MUT-sgRBM5-rep2,18677098,17391298,620615,0.0332286632537881,1886887,0.176811179183796,315087,578368,8384800,8784876
U:/processed_data/reprocess_250221/nova240826/MUT-sgRBM5-rep3-E06_S51_umi_dedup_fine_grained_idx.csv,MUT-sgRBM5-rep3-E06_S51_umi_dedup_fine_grained_idx.csv,MUT-sgRBM5-rep3-E06_S51,MUT-sgRBM5,rep3,rep3,MUT-sgRBM5-rep3,20060700,18689473,665474,0.0331730198846501,2042271,0.177548208983199,338887,642052,9030645,9460357
U:/processed_data/reprocess_250221/nova240826/MUT-sgRUBP1-rep1-D10_S43_umi_dedup_fine_grained_idx.csv,MUT-sgRUBP1-rep1-D10_S43_umi_dedup_fine_grained_idx.csv,MUT-sgRUBP1-rep1-D10_S43,MUT-sgRUBP1,rep1,rep1,MUT-sgRUBP1-rep1,13834025,12891459,453518,0.03278279459521,1531885,0.179357955690342,227725,420361,6702899,7009052
U:/processed_data/reprocess_250221/nova240826/MUT-sgRUBP1-rep2-D11_S44_umi_dedup_fine_grained_idx.csv,MUT-sgRUBP1-rep2-D11_S44_umi_dedup_fine_grained_idx.csv,MUT-sgRUBP1-rep2-D11_S44,MUT-sgRUBP1,rep2,rep2,MUT-sgRUBP1-rep2,24544444,22855464,804445,0.0327750345454963,2657985,0.176441290521982,416086,733500,11862708,12406431
U:/processed_data/reprocess_250221/nova240826/MUT-sgRUBP1-rep3-D12_S45_umi_dedup_fine_grained_idx.csv,MUT-sgRUBP1-rep3-D12_S45_umi_dedup_fine_grained_idx.csv,MUT-sgRUBP1-rep3-D12_S45,MUT-sgRUBP1,rep3,rep3,MUT-sgRUBP1-rep3,16406642,15287684,537405,0.0327553316516567,1757826,0.174897252617525,265847,479890,7926805,8292795
U:/processed_data/reprocess_250221/nova240826/T47D-rep1-A01_S1_umi_dedup_fine_grained_idx.csv,T47D-rep1-A01_S1_umi_dedup_fine_grained_idx.csv,T47D-rep1-A01_S1,T47D,rep1,rep1,T47D-rep1,39656179,36478936,1372102,0.0345999547762784,3716332,0.185572321874101,576806,1527178,15229890,16309995
U:/processed_data/reprocess_250221/nova240826/T47D-rep2-A02_S2_umi_dedup_fine_grained_idx.csv,T47D-rep2-A02_S2_umi_dedup_fine_grained_idx.csv,T47D-rep2-A02_S2,T47D,rep2,rep2,T47D-rep2,43725782,40175955,1504173,0.0344001394874996,4067022,0.184085269537488,685720,1700248,16849016,18026120
U:/processed_data/reprocess_250221/nova240826/T47D-rep3-A03_S3_umi_dedup_fine_grained_idx.csv,T47D-rep3-A03_S3_umi_dedup_fine_grained_idx.csv,T47D-rep3-A03_S3,T47D,rep3,rep3,T47D-rep3,38486750,35396051,1330232,0.0345633757072239,3566308,0.184032621841547,557305,1465358,14769597,15812365
U:/processed_data/reprocess_250221/nova241106/splicelib_hek_dox_rbp1-rep1_S4_umi_dedup_fine_grained_idx.csv,splicelib_hek_dox_rbp1-rep1_S4_umi_dedup_fine_grained_idx.csv,splicelib_hek_dox_rbp1-rep1_S4,splicelib_hek_dox_rbp1,rep1,rep1,splicelib_hek_dox_rbp1-rep1,42184735,38692089,1420645,0.0336767553476394,4201026,0.188746882561931,884155,1165762,17265271,18056433
U:/processed_data/reprocess_250221/nova241106/splicelib_hek_dox_rbp1-rep2_S5_umi_dedup_fine_grained_idx.csv,splicelib_hek_dox_rbp1-rep2_S5_umi_dedup_fine_grained_idx.csv,splicelib_hek_dox_rbp1-rep2_S5,splicelib_hek_dox_rbp1,rep2,rep2,splicelib_hek_dox_rbp1-rep2,50819757,46415484,1709330,0.0336351470551109,4988994,0.186762306252592,1015337,1308980,20772651,21724073
U:/processed_data/reprocess_250221/nova241106/splicelib_hek_dox_rbp1-rep3_S6_umi_dedup_fine_grained_idx.csv,splicelib_hek_dox_rbp1-rep3_S6_umi_dedup_fine_grained_idx.csv,splicelib_hek_dox_rbp1-rep3_S6,splicelib_hek_dox_rbp1,rep3,rep3,splicelib_hek_dox_rbp1-rep3,42954758,39273071,1445537,0.0336525467097265,4232906,0.188315244495383,833154,1117957,17446154,18244860
U:/processed_data/reprocess_250221/nova241106/splicelib_hek_dox_rbp10-rep1_S58_umi_dedup_fine_grained_idx.csv,splicelib_hek_dox_rbp10-rep1_S58_umi_dedup_fine_grained_idx.csv,splicelib_hek_dox_rbp10-rep1_S58,splicelib_hek_dox_rbp10,rep1,rep1,splicelib_hek_dox_rbp10-rep1,47891980,43872699,1618398,0.0337926725936159,4501812,0.183923807749513,741477,1091134,19119570,19974693
U:/processed_data/reprocess_250221/nova241106/splicelib_hek_dox_rbp10-rep2_S59_umi_dedup_fine_grained_idx.csv,splicelib_hek_dox_rbp10-rep2_S59_umi_dedup_fine_grained_idx.csv,splicelib_hek_dox_rbp10-rep2_S59,splicelib_hek_dox_rbp10,rep2,rep2,splicelib_hek_dox_rbp10-rep2,41824514,38302618,1415041,0.0338328139329963,3883309,0.183883912048831,648980,952906,16493446,17234955
U:/processed_data/reprocess_250221/nova241106/splicelib_hek_dox_rbp10-rep3_S60_umi_dedup_fine_grained_idx.csv,splicelib_hek_dox_rbp10-rep3_S60_umi_dedup_fine_grained_idx.csv,splicelib_hek_dox_rbp10-rep3_S60,splicelib_hek_dox_rbp10,rep3,rep3,splicelib_hek_dox_rbp10-rep3,32186354,29430709,1088563,0.0338206371557338,2976509,0.183571744604092,509386,716422,12668852,13237909
U:/processed_data/reprocess_250221/nova241106/splicelib_hek_dox_rbp11-rep1_S64_umi_dedup_fine_grained_idx.csv,splicelib_hek_dox_rbp11-rep1_S64_umi_dedup_fine_grained_idx.csv,splicelib_hek_dox_rbp11-rep1_S64,splicelib_hek_dox_rbp11,rep1,rep1,splicelib_hek_dox_rbp11-rep1,44873144,41166243,1515832,0.0337803832064898,4249062,0.185158747233063,664647,1037896,17887925,18699149
U:/processed_data/reprocess_250221/nova241106/splicelib_hek_dox_rbp11-rep2_S65_umi_dedup_fine_grained_idx.csv,splicelib_hek_dox_rbp11-rep2_S65_umi_dedup_fine_grained_idx.csv,splicelib_hek_dox_rbp11-rep2_S65,splicelib_hek_dox_rbp11,rep2,rep2,splicelib_hek_dox_rbp11-rep2,34929998,31976150,1181445,0.0338232198009287,3280753,0.183900298242485,536644,821020,13930496,14559093
U:/processed_data/reprocess_250221/nova241106/splicelib_hek_dox_rbp11-rep3_S66_umi_dedup_fine_grained_idx.csv,splicelib_hek_dox_rbp11-rep3_S66_umi_dedup_fine_grained_idx.csv,splicelib_hek_dox_rbp11-rep3_S66,splicelib_hek_dox_rbp11,rep3,rep3,splicelib_hek_dox_rbp11-rep3,40190484,36754472,1359562,0.0338279578817712,3754906,0.185951039821657,544676,1016200,15717201,16438076
U:/processed_data/reprocess_250221/nova241106/splicelib_hek_dox_rbp12-rep1_S70_umi_dedup_fine_grained_idx.csv,splicelib_hek_dox_rbp12-rep1_S70_umi_dedup_fine_grained_idx.csv,splicelib_hek_dox_rbp12-rep1_S70,splicelib_hek_dox_rbp12,rep1,rep1,splicelib_hek_dox_rbp12-rep1,46610648,42702587,1573230,0.0337525880352489,4459848,0.187745801201993,593462,1100064,18448548,19294867
U:/processed_data/reprocess_250221/nova241106/splicelib_hek_dox_rbp12-rep2_S71_umi_dedup_fine_grained_idx.csv,splicelib_hek_dox_rbp12-rep2_S71_umi_dedup_fine_grained_idx.csv,splicelib_hek_dox_rbp12-rep2_S71,splicelib_hek_dox_rbp12,rep2,rep2,splicelib_hek_dox_rbp12-rep2,51501821,47101935,1735207,0.0336921484776237,5027318,0.188462392603475,1030303,1345972,20691133,21648126
U:/processed_data/reprocess_250221/nova241106/splicelib_hek_dox_rbp12-rep3_S72_umi_dedup_fine_grained_idx.csv,splicelib_hek_dox_rbp12-rep3_S72_umi_dedup_fine_grained_idx.csv,splicelib_hek_dox_rbp12-rep3_S72,splicelib_hek_dox_rbp12,rep3,rep3,splicelib_hek_dox_rbp12-rep3,39890365,36510483,1347760,0.0337866048605973,3724174,0.183801252810562,529536,956795,15813175,16537788
U:/processed_data/reprocess_250221/nova241106/splicelib_hek_dox_rbp2-rep1_S10_umi_dedup_fine_grained_idx.csv,splicelib_hek_dox_rbp2-rep1_S10_umi_dedup_fine_grained_idx.csv,splicelib_hek_dox_rbp2-rep1_S10,splicelib_hek_dox_rbp2,rep1,rep1,splicelib_hek_dox_rbp2-rep1,47314389,42902955,1596481,0.0337419764630163,4536489,0.184785341356563,678918,1124175,19117000,20013559
U:/processed_data/reprocess_250221/nova241106/splicelib_hek_dox_rbp2-rep2_S11_umi_dedup_fine_grained_idx.csv,splicelib_hek_dox_rbp2-rep2_S11_umi_dedup_fine_grained_idx.csv,splicelib_hek_dox_rbp2-rep2_S11,splicelib_hek_dox_rbp2,rep2,rep2,splicelib_hek_dox_rbp2-rep2,58147372,53304335,1959624,0.0337009899604749,5827151,0.187555676634068,1184972,1551613,24135733,25241762
U:/processed_data/reprocess_250221/nova241106/splicelib_hek_dox_rbp2-rep3_S12_umi_dedup_fine_grained_idx.csv,splicelib_hek_dox_rbp2-rep3_S12_umi_dedup_fine_grained_idx.csv,splicelib_hek_dox_rbp2-rep3_S12,splicelib_hek_dox_rbp2,rep3,rep3,splicelib_hek_dox_rbp2-rep3,46583789,42751915,1571038,0.0337249939029219,4587391,0.186481234399737,845036,1274725,19130980,20012355
U:/processed_data/reprocess_250221/nova241106/splicelib_hek_dox_rbp3-rep1_S16_umi_dedup_fine_grained_idx.csv,splicelib_hek_dox_rbp3-rep1_S16_umi_dedup_fine_grained_idx.csv,splicelib_hek_dox_rbp3-rep1_S16,splicelib_hek_dox_rbp3,rep1,rep1,splicelib_hek_dox_rbp3-rep1,48235349,44052925,1625369,0.033696636050047,4746296,0.186663162788404,966057,1299342,19771521,20680767
U:/processed_data/reprocess_250221/nova241106/splicelib_hek_dox_rbp3-rep2_S17_umi_dedup_fine_grained_idx.csv,splicelib_hek_dox_rbp3-rep2_S17_umi_dedup_fine_grained_idx.csv,splicelib_hek_dox_rbp3-rep2_S17,splicelib_hek_dox_rbp3,rep2,rep2,splicelib_hek_dox_rbp3-rep2,48483347,44344561,1636483,0.0337535071578288,4733897,0.187368336642761,994513,1320043,19631569,20531295
U:/processed_data/reprocess_250221/nova241106/splicelib_hek_dox_rbp3-rep3_S18_umi_dedup_fine_grained_idx.csv,splicelib_hek_dox_rbp3-rep3_S18_umi_dedup_fine_grained_idx.csv,splicelib_hek_dox_rbp3-rep3_S18,splicelib_hek_dox_rbp3,rep3,rep3,splicelib_hek_dox_rbp3-rep3,41137608,37666995,1383353,0.0336274534970531,3993366,0.186779540454995,709740,1077333,16627760,17386738
U:/processed_data/reprocess_250221/nova241106/splicelib_hek_dox_rbp4-rep1_S22_umi_dedup_fine_grained_idx.csv,splicelib_hek_dox_rbp4-rep1_S22_umi_dedup_fine_grained_idx.csv,splicelib_hek_dox_rbp4-rep1_S22,splicelib_hek_dox_rbp4,rep1,rep1,splicelib_hek_dox_rbp4-rep1,41785707,38011345,1413599,0.0338297255566359,3938527,0.187161293722605,553421,990679,16353415,17104964
U:/processed_data/reprocess_250221/nova241106/splicelib_hek_dox_rbp4-rep2_S23_umi_dedup_fine_grained_idx.csv,splicelib_hek_dox_rbp4-rep2_S23_umi_dedup_fine_grained_idx.csv,splicelib_hek_dox_rbp4-rep2_S23,splicelib_hek_dox_rbp4,rep2,rep2,splicelib_hek_dox_rbp4-rep2,3770933,3422379,128980,0.034203736847088,343927,0.183671060754621,44109,75071,1460926,1528589
U:/processed_data/reprocess_250221/nova241106/splicelib_hek_dox_rbp4-rep3_S24_umi_dedup_fine_grained_idx.csv,splicelib_hek_dox_rbp4-rep3_S24_umi_dedup_fine_grained_idx.csv,splicelib_hek_dox_rbp4-rep3_S24,splicelib_hek_dox_rbp4,rep3,rep3,splicelib_hek_dox_rbp4-rep3,53098087,48629114,1792341,0.0337552838767995,5163471,0.188149650120215,946734,1382657,21303645,22279955
U:/processed_data/reprocess_250221/nova241106/splicelib_hek_dox_rbp5-rep3_S30_umi_dedup_fine_grained_idx.csv,splicelib_hek_dox_rbp5-rep3_S30_umi_dedup_fine_grained_idx.csv,splicelib_hek_dox_rbp5-rep3_S30,splicelib_hek_dox_rbp5,rep3,rep3,splicelib_hek_dox_rbp5-rep3,47435623,43456272,1596925,0.0336651001716579,4595738,0.185170002683426,656131,1052662,19352841,20223282
U:/processed_data/reprocess_250221/nova241106/splicelib_hek_dox_rbp6-rep1_S34_umi_dedup_fine_grained_idx.csv,splicelib_hek_dox_rbp6-rep1_S34_umi_dedup_fine_grained_idx.csv,splicelib_hek_dox_rbp6-rep1_S34,splicelib_hek_dox_rbp6,rep1,rep1,splicelib_hek_dox_rbp6-rep1,45636225,41778370,1539398,0.033731931157759,4372361,0.184980705338516,652125,1128133,18428477,19264488
U:/processed_data/reprocess_250221/nova241106/splicelib_hek_dox_rbp6-rep2_S35_umi_dedup_fine_grained_idx.csv,splicelib_hek_dox_rbp6-rep2_S35_umi_dedup_fine_grained_idx.csv,splicelib_hek_dox_rbp6-rep2_S35,splicelib_hek_dox_rbp6,rep2,rep2,splicelib_hek_dox_rbp6-rep2,52374959,48032473,1766436,0.0337267280724745,5149624,0.185883892269856,832270,1431657,21575321,22553820
U:/processed_data/reprocess_250221/nova241106/splicelib_hek_dox_rbp6-rep3_S36_umi_dedup_fine_grained_idx.csv,splicelib_hek_dox_rbp6-rep3_S36_umi_dedup_fine_grained_idx.csv,splicelib_hek_dox_rbp6-rep3_S36,splicelib_hek_dox_rbp6,rep3,rep3,splicelib_hek_dox_rbp6-rep3,49638633,45552641,1670806,0.0336593878401124,4851123,0.185126276503183,911040,1362334,20425797,21353277
U:/processed_data/reprocess_250221/nova241106/splicelib_hek_dox_rbp7-rep1_S40_umi_dedup_fine_grained_idx.csv,splicelib_hek_dox_rbp7-rep1_S40_umi_dedup_fine_grained_idx.csv,splicelib_hek_dox_rbp7-rep1_S40,splicelib_hek_dox_rbp7,rep1,rep1,splicelib_hek_dox_rbp7-rep1,36464890,33360183,1231989,0.0337856222794036,3863748,0.181127980561787,641411,1039763,16666729,17467843
U:/processed_data/reprocess_250221/nova241106/splicelib_hek_dox_rbp7-rep2_S41_umi_dedup_fine_grained_idx.csv,splicelib_hek_dox_rbp7-rep2_S41_umi_dedup_fine_grained_idx.csv,splicelib_hek_dox_rbp7-rep2_S41,splicelib_hek_dox_rbp7,rep2,rep2,splicelib_hek_dox_rbp7-rep2,35976487,32789019,1216520,0.0338143076615568,3800128,0.179581208045572,570234,1002640,16562530,17360928
U:/processed_data/reprocess_250221/nova241106/splicelib_hek_dox_rbp7-rep3_S42_umi_dedup_fine_grained_idx.csv,splicelib_hek_dox_rbp7-rep3_S42_umi_dedup_fine_grained_idx.csv,splicelib_hek_dox_rbp7-rep3_S42,splicelib_hek_dox_rbp7,rep3,rep3,splicelib_hek_dox_rbp7-rep3,40021289,36514690,1352455,0.0337933893133727,4263499,0.182306230153855,692311,1093566,18242465,19122970
U:/processed_data/reprocess_250221/nova241106/splicelib_hek_dox_rbp8-rep1_S46_umi_dedup_fine_grained_idx.csv,splicelib_hek_dox_rbp8-rep1_S46_umi_dedup_fine_grained_idx.csv,splicelib_hek_dox_rbp8-rep1_S46,splicelib_hek_dox_rbp8,rep1,rep1,splicelib_hek_dox_rbp8-rep1,49816826,45661060,1681284,0.0337493199586822,5013303,0.185842648721572,936706,1374665,21006761,21962760
U:/processed_data/reprocess_250221/nova241106/splicelib_hek_dox_rbp8-rep2_S47_umi_dedup_fine_grained_idx.csv,splicelib_hek_dox_rbp8-rep2_S47_umi_dedup_fine_grained_idx.csv,splicelib_hek_dox_rbp8-rep2_S47,splicelib_hek_dox_rbp8,rep2,rep2,splicelib_hek_dox_rbp8-rep2,43755142,39973595,1471175,0.0336229053947534,4411446,0.182562805953702,812191,1114076,18895292,19752545
U:/processed_data/reprocess_250221/nova241106/splicelib_hek_dox_rbp8-rep3_S48_umi_dedup_fine_grained_idx.csv,splicelib_hek_dox_rbp8-rep3_S48_umi_dedup_fine_grained_idx.csv,splicelib_hek_dox_rbp8-rep3_S48,splicelib_hek_dox_rbp8,rep3,rep3,splicelib_hek_dox_rbp8-rep3,69094719,63097933,2323319,0.0336251313215414,6943822,0.184295967376654,1505961,1829291,29396898,30733736
U:/processed_data/reprocess_250221/nova241106/splicelib_hek_dox_rbp9-rep1_S52_umi_dedup_fine_grained_idx.csv,splicelib_hek_dox_rbp9-rep1_S52_umi_dedup_fine_grained_idx.csv,splicelib_hek_dox_rbp9-rep1_S52,splicelib_hek_dox_rbp9,rep1,rep1,splicelib_hek_dox_rbp9-rep1,53374198,48912815,1803542,0.0337905217798308,4964693,0.183582603265406,734743,1121501,21136203,22078681
U:/processed_data/reprocess_250221/nova241106/splicelib_hek_dox_rbp9-rep2_S53_umi_dedup_fine_grained_idx.csv,splicelib_hek_dox_rbp9-rep2_S53_umi_dedup_fine_grained_idx.csv,splicelib_hek_dox_rbp9-rep2_S53,splicelib_hek_dox_rbp9,rep2,rep2,splicelib_hek_dox_rbp9-rep2,50335082,46126672,1701236,0.0337982165202393,4644720,0.183113793139746,696104,1039633,19836942,20720491
U:/processed_data/reprocess_250221/nova241106/splicelib_hek_dox_rbp9-rep3_S54_umi_dedup_fine_grained_idx.csv,splicelib_hek_dox_rbp9-rep3_S54_umi_dedup_fine_grained_idx.csv,splicelib_hek_dox_rbp9-rep3_S54,splicelib_hek_dox_rbp9,rep3,rep3,splicelib_hek_dox_rbp9-rep3,54984501,50346631,1860379,0.0338346073196154,5093535,0.183809269827339,747159,1169446,21646761,22617445
U:/processed_data/reprocess_250221/nova241106/splicelib_hek_no_dox_rbp1-rep1_S1_umi_dedup_fine_grained_idx.csv,splicelib_hek_no_dox_rbp1-rep1_S1_umi_dedup_fine_grained_idx.csv,splicelib_hek_no_dox_rbp1-rep1_S1,splicelib_hek_no_dox_rbp1,rep1,rep1,splicelib_hek_no_dox_rbp1-rep1,46345070,42223414,1559310,0.0336456499040782,4663346,0.187707938136408,977161,1427148,19293559,20180281
U:/processed_data/reprocess_250221/nova241106/splicelib_hek_no_dox_rbp1-rep2_S2_umi_dedup_fine_grained_idx.csv,splicelib_hek_no_dox_rbp1-rep2_S2_umi_dedup_fine_grained_idx.csv,splicelib_hek_no_dox_rbp1-rep2_S2,splicelib_hek_no_dox_rbp1,rep2,rep2,splicelib_hek_no_dox_rbp1-rep2,65338406,59663154,2202937,0.033715805677904,6593600,0.187856706154772,1557645,1943784,27247810,28505493
U:/processed_data/reprocess_250221/nova241106/splicelib_hek_no_dox_rbp1-rep3_S3_umi_dedup_fine_grained_idx.csv,splicelib_hek_no_dox_rbp1-rep3_S3_umi_dedup_fine_grained_idx.csv,splicelib_hek_no_dox_rbp1-rep3_S3,splicelib_hek_no_dox_rbp1,rep3,rep3,splicelib_hek_no_dox_rbp1-rep3,50520270,46280350,1698751,0.0336251369994658,5059717,0.187265146748584,1082675,1412776,20996086,21959283
U:/processed_data/reprocess_250221/nova241106/splicelib_hek_no_dox_rbp10-rep1_S55_umi_dedup_fine_grained_idx.csv,splicelib_hek_no_dox_rbp10-rep1_S55_umi_dedup_fine_grained_idx.csv,splicelib_hek_no_dox_rbp10-rep1_S55,splicelib_hek_no_dox_rbp10,rep1,rep1,splicelib_hek_no_dox_rbp10-rep1,51348421,47053908,1727127,0.0336354451873019,4948426,0.185131113584884,807654,1238517,20836236,21780879
U:/processed_data/reprocess_250221/nova241106/splicelib_hek_no_dox_rbp10-rep2_S56_umi_dedup_fine_grained_idx.csv,splicelib_hek_no_dox_rbp10-rep2_S56_umi_dedup_fine_grained_idx.csv,splicelib_hek_no_dox_rbp10-rep2_S56,splicelib_hek_no_dox_rbp10,rep2,rep2,splicelib_hek_no_dox_rbp10-rep2,46376614,42492919,1559283,0.0336221829390132,4489950,0.186271944967104,823396,1204642,18764738,19614324
U:/processed_data/reprocess_250221/nova241106/splicelib_hek_no_dox_rbp10-rep3_S57_umi_dedup_fine_grained_idx.csv,splicelib_hek_no_dox_rbp10-rep3_S57_umi_dedup_fine_grained_idx.csv,splicelib_hek_no_dox_rbp10-rep3_S57,splicelib_hek_no_dox_rbp10,rep3,rep3,splicelib_hek_no_dox_rbp10-rep3,37716224,34423432,1272056,0.0337270242111193,3586607,0.185541442560432,566797,864970,15059767,15743883
U:/processed_data/reprocess_250221/nova241106/splicelib_hek_no_dox_rbp11-rep1_S61_umi_dedup_fine_grained_idx.csv,splicelib_hek_no_dox_rbp11-rep1_S61_umi_dedup_fine_grained_idx.csv,splicelib_hek_no_dox_rbp11-rep1_S61,splicelib_hek_no_dox_rbp11,rep1,rep1,splicelib_hek_no_dox_rbp11-rep1,57967142,53116892,1951637,0.0336679872883849,5585198,0.1862242424493,840803,1374690,23348902,24406590
U:/processed_data/reprocess_250221/nova241106/splicelib_hek_no_dox_rbp11-rep2_S62_umi_dedup_fine_grained_idx.csv,splicelib_hek_no_dox_rbp11-rep2_S62_umi_dedup_fine_grained_idx.csv,splicelib_hek_no_dox_rbp11-rep2_S62,splicelib_hek_no_dox_rbp11,rep2,rep2,splicelib_hek_no_dox_rbp11-rep2,38492829,35328267,1298982,0.0337460777434675,3577806,0.182817503338849,523876,845865,15300847,15992563
U:/processed_data/reprocess_250221/nova241106/splicelib_hek_no_dox_rbp11-rep3_S63_umi_dedup_fine_grained_idx.csv,splicelib_hek_no_dox_rbp11-rep3_S63_umi_dedup_fine_grained_idx.csv,splicelib_hek_no_dox_rbp11-rep3_S63,splicelib_hek_no_dox_rbp11,rep3,rep3,splicelib_hek_no_dox_rbp11-rep3,49432899,45279951,1669113,0.033765225867089,4620863,0.186132893722821,713493,1166684,19328025,20204749
U:/processed_data/reprocess_250221/nova241106/splicelib_hek_no_dox_rbp12-rep1_S67_umi_dedup_fine_grained_idx.csv,splicelib_hek_no_dox_rbp12-rep1_S67_umi_dedup_fine_grained_idx.csv,splicelib_hek_no_dox_rbp12-rep1_S67,splicelib_hek_no_dox_rbp12,rep1,rep1,splicelib_hek_no_dox_rbp12-rep1,71868295,65618447,2415498,0.0336100640762383,7300670,0.193651832007652,930993,1784086,29035015,30399309
U:/processed_data/reprocess_250221/nova241106/splicelib_hek_no_dox_rbp12-rep2_S68_umi_dedup_fine_grained_idx.csv,splicelib_hek_no_dox_rbp12-rep2_S68_umi_dedup_fine_grained_idx.csv,splicelib_hek_no_dox_rbp12-rep2_S68,splicelib_hek_no_dox_rbp12,rep2,rep2,splicelib_hek_no_dox_rbp12-rep2,45096992,41320580,1523043,0.0337726072727866,4299074,0.186957716711097,658835,1141954,17870166,18695826
U:/processed_data/reprocess_250221/nova241106/splicelib_hek_no_dox_rbp12-rep3_S69_umi_dedup_fine_grained_idx.csv,splicelib_hek_no_dox_rbp12-rep3_S69_umi_dedup_fine_grained_idx.csv,splicelib_hek_no_dox_rbp12-rep3_S69,splicelib_hek_no_dox_rbp12,rep3,rep3,splicelib_hek_no_dox_rbp12-rep3,47235961,43234250,1591578,0.0336942017544641,4559372,0.187165454678683,715749,1242070,18927394,19800743
U:/processed_data/reprocess_250221/nova241106/splicelib_hek_no_dox_rbp2-rep1_S7_umi_dedup_fine_grained_idx.csv,splicelib_hek_no_dox_rbp2-rep1_S7_umi_dedup_fine_grained_idx.csv,splicelib_hek_no_dox_rbp2-rep1_S7,splicelib_hek_no_dox_rbp2,rep1,rep1,splicelib_hek_no_dox_rbp2-rep1,53335421,48831733,1793728,0.0336310835532732,5270356,0.187954740845216,866256,1349211,21774589,22770203
U:/processed_data/reprocess_250221/nova241106/splicelib_hek_no_dox_rbp2-rep2_S8_umi_dedup_fine_grained_idx.csv,splicelib_hek_no_dox_rbp2-rep2_S8_umi_dedup_fine_grained_idx.csv,splicelib_hek_no_dox_rbp2-rep2_S8,splicelib_hek_no_dox_rbp2,rep2,rep2,splicelib_hek_no_dox_rbp2-rep2,74767434,68577160,2518705,0.0336871932772228,7471045,0.188896550167003,1484317,2162603,30667856,32079942
U:/processed_data/reprocess_250221/nova241106/splicelib_hek_no_dox_rbp2-rep3_S9_umi_dedup_fine_grained_idx.csv,splicelib_hek_no_dox_rbp2-rep3_S9_umi_dedup_fine_grained_idx.csv,splicelib_hek_no_dox_rbp2-rep3_S9,splicelib_hek_no_dox_rbp2,rep3,rep3,splicelib_hek_no_dox_rbp2-rep3,50539333,46314244,1698179,0.0336011359706706,4996506,0.188951560048234,924150,1344533,20509012,21446811
U:/processed_data/reprocess_250221/nova241106/splicelib_hek_no_dox_rbp3-rep1_S13_umi_dedup_fine_grained_idx.csv,splicelib_hek_no_dox_rbp3-rep1_S13_umi_dedup_fine_grained_idx.csv,splicelib_hek_no_dox_rbp3-rep1_S13,splicelib_hek_no_dox_rbp3,rep1,rep1,splicelib_hek_no_dox_rbp3-rep1,40643451,37159811,1369378,0.0336924637624891,3947895,0.186102769078269,879864,1141947,16514724,17265626
U:/processed_data/reprocess_250221/nova241106/splicelib_hek_no_dox_rbp3-rep2_S14_umi_dedup_fine_grained_idx.csv,splicelib_hek_no_dox_rbp3-rep2_S14_umi_dedup_fine_grained_idx.csv,splicelib_hek_no_dox_rbp3-rep2_S14,splicelib_hek_no_dox_rbp3,rep2,rep2,splicelib_hek_no_dox_rbp3-rep2,49126377,44868819,1661098,0.0338127519560419,4820578,0.186862418147018,1037096,1344793,20059937,20976894
U:/processed_data/reprocess_250221/nova241106/splicelib_hek_no_dox_rbp3-rep3_S15_umi_dedup_fine_grained_idx.csv,splicelib_hek_no_dox_rbp3-rep3_S15_umi_dedup_fine_grained_idx.csv,splicelib_hek_no_dox_rbp3-rep3_S15,splicelib_hek_no_dox_rbp3,rep3,rep3,splicelib_hek_no_dox_rbp3-rep3,48768428,44737124,1647132,0.0337745559483689,4645264,0.184048888213751,704348,1175233,19707606,20594030
U:/processed_data/reprocess_250221/nova241106/splicelib_hek_no_dox_rbp4-rep1_S19_umi_dedup_fine_grained_idx.csv,splicelib_hek_no_dox_rbp4-rep1_S19_umi_dedup_fine_grained_idx.csv,splicelib_hek_no_dox_rbp4-rep1_S19,splicelib_hek_no_dox_rbp4,rep1,rep1,splicelib_hek_no_dox_rbp4-rep1,44363542,40606703,1493351,0.0336616720098679,4371062,0.187805821932272,779114,1165490,18072375,18903307
U:/processed_data/reprocess_250221/nova241106/splicelib_hek_no_dox_rbp4-rep2_S20_umi_dedup_fine_grained_idx.csv,splicelib_hek_no_dox_rbp4-rep2_S20_umi_dedup_fine_grained_idx.csv,splicelib_hek_no_dox_rbp4-rep2_S20,splicelib_hek_no_dox_rbp4,rep2,rep2,splicelib_hek_no_dox_rbp4-rep2,48843528,44687419,1653660,0.0338562767210428,4701890,0.188303846858855,682286,1325159,19373071,20267807
U:/processed_data/reprocess_250221/nova241106/splicelib_hek_no_dox_rbp4-rep3_S21_umi_dedup_fine_grained_idx.csv,splicelib_hek_no_dox_rbp4-rep3_S21_umi_dedup_fine_grained_idx.csv,splicelib_hek_no_dox_rbp4-rep3_S21,splicelib_hek_no_dox_rbp4,rep3,rep3,splicelib_hek_no_dox_rbp4-rep3,46593030,42623248,1569867,0.0336931725625056,4564353,0.188136542437317,850326,1267743,18827932,19696500
U:/processed_data/reprocess_250221/nova241106/splicelib_hek_no_dox_rbp5-rep1_S25_umi_dedup_fine_grained_idx.csv,splicelib_hek_no_dox_rbp5-rep1_S25_umi_dedup_fine_grained_idx.csv,splicelib_hek_no_dox_rbp5-rep1_S25,splicelib_hek_no_dox_rbp5,rep1,rep1,splicelib_hek_no_dox_rbp5-rep1,51239250,46984678,1728959,0.0337428631371458,4834873,0.182933134991022,602253,1104565,20663732,21594855
U:/processed_data/reprocess_250221/nova241106/splicelib_hek_no_dox_rbp5-rep2_S26_umi_dedup_fine_grained_idx.csv,splicelib_hek_no_dox_rbp5-rep2_S26_umi_dedup_fine_grained_idx.csv,splicelib_hek_no_dox_rbp5-rep2_S26,splicelib_hek_no_dox_rbp5,rep2,rep2,splicelib_hek_no_dox_rbp5-rep2,1309471,1192341,43049,0.0328751075816112,122947,0.186274584072566,24625,29187,511643,537084
U:/processed_data/reprocess_250221/nova241106/splicelib_hek_no_dox_rbp5-rep3_S27_umi_dedup_fine_grained_idx.csv,splicelib_hek_no_dox_rbp5-rep3_S27_umi_dedup_fine_grained_idx.csv,splicelib_hek_no_dox_rbp5-rep3_S27,splicelib_hek_no_dox_rbp5,rep3,rep3,splicelib_hek_no_dox_rbp5-rep3,44485300,40630019,1504414,0.0338182275942839,4183142,0.182991189774189,618317,1007903,17874419,18676658
U:/processed_data/reprocess_250221/nova241106/splicelib_hek_no_dox_rbp6-rep1_S31_umi_dedup_fine_grained_idx.csv,splicelib_hek_no_dox_rbp6-rep1_S31_umi_dedup_fine_grained_idx.csv,splicelib_hek_no_dox_rbp6-rep1_S31,splicelib_hek_no_dox_rbp6,rep1,rep1,splicelib_hek_no_dox_rbp6-rep1,53946919,49373752,1811288,0.0335753743415819,5352873,0.187507664859771,923439,1504477,22177711,23194616
U:/processed_data/reprocess_250221/nova241106/splicelib_hek_no_dox_rbp6-rep2_S32_umi_dedup_fine_grained_idx.csv,splicelib_hek_no_dox_rbp6-rep2_S32_umi_dedup_fine_grained_idx.csv,splicelib_hek_no_dox_rbp6-rep2_S32,splicelib_hek_no_dox_rbp6,rep2,rep2,splicelib_hek_no_dox_rbp6-rep2,55039759,50430883,1857526,0.033748803296904,5282729,0.184782397683522,712515,1364144,22292820,23306190
U:/processed_data/reprocess_250221/nova241106/splicelib_hek_no_dox_rbp6-rep3_S33_umi_dedup_fine_grained_idx.csv,splicelib_hek_no_dox_rbp6-rep3_S33_umi_dedup_fine_grained_idx.csv,splicelib_hek_no_dox_rbp6-rep3_S33,splicelib_hek_no_dox_rbp6,rep3,rep3,splicelib_hek_no_dox_rbp6-rep3,57943479,53004641,1960145,0.0338285693891456,5538710,0.185590114816901,820549,1464197,23244292,24305067
U:/processed_data/reprocess_250221/nova241106/splicelib_hek_no_dox_rbp7-rep1_S37_umi_dedup_fine_grained_idx.csv,splicelib_hek_no_dox_rbp7-rep1_S37_umi_dedup_fine_grained_idx.csv,splicelib_hek_no_dox_rbp7-rep1_S37,splicelib_hek_no_dox_rbp7,rep1,rep1,splicelib_hek_no_dox_rbp7-rep1,59137473,54142858,1989521,0.0336423066301801,5711345,0.185449867350148,894614,1385019,23995574,25085900
U:/processed_data/reprocess_250221/nova241106/splicelib_hek_no_dox_rbp7-rep2_S38_umi_dedup_fine_grained_idx.csv,splicelib_hek_no_dox_rbp7-rep2_S38_umi_dedup_fine_grained_idx.csv,splicelib_hek_no_dox_rbp7-rep2_S38,splicelib_hek_no_dox_rbp7,rep2,rep2,splicelib_hek_no_dox_rbp7-rep2,47753789,43642483,1614509,0.0338090240336741,4513037,0.184334513138066,693973,1120453,19102694,19969828
U:/processed_data/reprocess_250221/nova241106/splicelib_hek_no_dox_rbp7-rep3_S39_umi_dedup_fine_grained_idx.csv,splicelib_hek_no_dox_rbp7-rep3_S39_umi_dedup_fine_grained_idx.csv,splicelib_hek_no_dox_rbp7-rep3_S39,splicelib_hek_no_dox_rbp7,rep3,rep3,splicelib_hek_no_dox_rbp7-rep3,38708926,35448119,1307340,0.0337736056019741,3627381,0.183897829047228,557363,886530,15399001,16097599
U:/processed_data/reprocess_250221/nova241106/splicelib_hek_no_dox_rbp8-rep1_S43_umi_dedup_fine_grained_idx.csv,splicelib_hek_no_dox_rbp8-rep1_S43_umi_dedup_fine_grained_idx.csv,splicelib_hek_no_dox_rbp8-rep1_S43,splicelib_hek_no_dox_rbp8,rep1,rep1,splicelib_hek_no_dox_rbp8-rep1,48339513,44209027,1628827,0.0336955608137798,4794687,0.186461258890495,1023445,1369418,20002478,20919432
U:/processed_data/reprocess_250221/nova241106/splicelib_hek_no_dox_rbp8-rep2_S44_umi_dedup_fine_grained_idx.csv,splicelib_hek_no_dox_rbp8-rep2_S44_umi_dedup_fine_grained_idx.csv,splicelib_hek_no_dox_rbp8-rep2_S44,splicelib_hek_no_dox_rbp8,rep2,rep2,splicelib_hek_no_dox_rbp8-rep2,35614734,32625808,1200879,0.0337186008464924,3441093,0.184477819916022,543567,886521,14554666,15212060
U:/processed_data/reprocess_250221/nova241106/splicelib_hek_no_dox_rbp8-rep3_S45_umi_dedup_fine_grained_idx.csv,splicelib_hek_no_dox_rbp8-rep3_S45_umi_dedup_fine_grained_idx.csv,splicelib_hek_no_dox_rbp8-rep3_S45,splicelib_hek_no_dox_rbp8,rep3,rep3,splicelib_hek_no_dox_rbp8-rep3,54252599,49506373,1826889,0.0336737600349801,5262081,0.186147361491975,1002875,1423603,22011777,23006281
U:/processed_data/reprocess_250221/nova241106/splicelib_hek_no_dox_rbp9-rep1_S49_umi_dedup_fine_grained_idx.csv,splicelib_hek_no_dox_rbp9-rep1_S49_umi_dedup_fine_grained_idx.csv,splicelib_hek_no_dox_rbp9-rep1_S49,splicelib_hek_no_dox_rbp9,rep1,rep1,splicelib_hek_no_dox_rbp9-rep1,61054863,55863709,2050895,0.0335910179669063,5929242,0.184713038868716,1168862,1531926,25036049,26170506
U:/processed_data/reprocess_250221/nova241106/splicelib_hek_no_dox_rbp9-rep2_S50_umi_dedup_fine_grained_idx.csv,splicelib_hek_no_dox_rbp9-rep2_S50_umi_dedup_fine_grained_idx.csv,splicelib_hek_no_dox_rbp9-rep2_S50,splicelib_hek_no_dox_rbp9,rep2,rep2,splicelib_hek_no_dox_rbp9-rep2,45138842,41331778,1525943,0.0338055415776949,4218616,0.183023599481708,554693,1000299,18018686,18830958
U:/processed_data/reprocess_250221/nova241106/splicelib_hek_no_dox_rbp9-rep3_S51_umi_dedup_fine_grained_idx.csv,splicelib_hek_no_dox_rbp9-rep3_S51_umi_dedup_fine_grained_idx.csv,splicelib_hek_no_dox_rbp9-rep3_S51,splicelib_hek_no_dox_rbp9,rep3,rep3,splicelib_hek_no_dox_rbp9-rep3,47734788,43689722,1607865,0.0336832961319531,4534380,0.185241001877828,714957,1115164,19088575,19943894
U:/processed_data/reprocess_250221/nova241106/splicelib_MEL202-rep1_S97_umi_dedup_fine_grained_idx.csv,splicelib_MEL202-rep1_S97_umi_dedup_fine_grained_idx.csv,splicelib_MEL202-rep1_S97,splicelib_MEL202,rep1,rep1,splicelib_MEL202-rep1,6717334,6138802,226787,0.0337614595314153,668738,0.177019246804332,86923,277060,2945493,3109032
U:/processed_data/reprocess_250221/nova241106/splicelib_MEL202-rep2_S98_umi_dedup_fine_grained_idx.csv,splicelib_MEL202-rep2_S98_umi_dedup_fine_grained_idx.csv,splicelib_MEL202-rep2_S98,splicelib_MEL202,rep2,rep2,splicelib_MEL202-rep2,7845377,7173121,264999,0.0337777266790366,781618,0.176231007014356,102639,340009,3461403,3653572
U:/processed_data/reprocess_250221/nova241106/splicelib_MEL202-rep3_S99_umi_dedup_fine_grained_idx.csv,splicelib_MEL202-rep3_S99_umi_dedup_fine_grained_idx.csv,splicelib_MEL202-rep3_S99,splicelib_MEL202,rep3,rep3,splicelib_MEL202-rep3,7264632,6631591,245018,0.0337275170992832,727301,0.177204509511116,101322,341744,3199776,3377002
U:/processed_data/reprocess_250221/nova241106/splicelib_MEL202-rep5_S101_umi_dedup_fine_grained_idx.csv,splicelib_MEL202-rep5_S101_umi_dedup_fine_grained_idx.csv,splicelib_MEL202-rep5_S101,splicelib_MEL202,rep5,rep2,splicelib_MEL202-rep2,3752424,3393033,123599,0.0329384419244734,448027,0.18983350317041,52979,182642,1804670,1912078
U:/processed_data/reprocess_250221/nova241106/splicelib_MEL202-rep6_S102_umi_dedup_fine_grained_idx.csv,splicelib_MEL202-rep6_S102_umi_dedup_fine_grained_idx.csv,splicelib_MEL202-rep6_S102,splicelib_MEL202,rep6,rep3,splicelib_MEL202-rep3,5429232,4892959,179010,0.0329715142031138,659555,0.191593591692474,81153,267516,2625324,2782914
U:/processed_data/reprocess_250221/nova241106/splicelib_sgCh3-rep1_S109_umi_dedup_fine_grained_idx.csv,splicelib_sgCh3-rep1_S109_umi_dedup_fine_grained_idx.csv,splicelib_sgCh3-rep1_S109,splicelib_sgCh3,rep1,rep1,splicelib_sgCh3-rep1,4853815,4454022,163045,0.0335911030807725,485043,0.176186748661917,45856,138579,2177504,2267962
U:/processed_data/reprocess_250221/nova241106/splicelib_sgCh3-rep2_S110_umi_dedup_fine_grained_idx.csv,splicelib_sgCh3-rep2_S110_umi_dedup_fine_grained_idx.csv,splicelib_sgCh3-rep2_S110,splicelib_sgCh3,rep2,rep2,splicelib_sgCh3-rep2,5218577,4803926,174776,0.0334911221967214,534515,0.176493507565564,51970,165441,2395066,2494010
U:/processed_data/reprocess_250221/nova241106/splicelib_sgCh3-rep3_S111_umi_dedup_fine_grained_idx.csv,splicelib_sgCh3-rep3_S111_umi_dedup_fine_grained_idx.csv,splicelib_sgCh3-rep3_S111,splicelib_sgCh3,rep3,rep3,splicelib_sgCh3-rep3,4203895,3855545,141740,0.0337163511457827,426973,0.175646095576442,43879,130555,1924478,2003898
U:/processed_data/reprocess_250221/nova241106/splicelib_U2AF1_S34F-rep1_S106_umi_dedup_fine_grained_idx.csv,splicelib_U2AF1_S34F-rep1_S106_umi_dedup_fine_grained_idx.csv,splicelib_U2AF1_S34F-rep1_S106,splicelib_U2AF1_S34F,rep1,rep1,splicelib_U2AF1_S34F-rep1,4755634,4373861,159330,0.0335034193127562,465322,0.177101241324714,60887,157118,2073909,2162113
U:/processed_data/reprocess_250221/nova241106/splicelib_U2AF1_S34F-rep2_S107_umi_dedup_fine_grained_idx.csv,splicelib_U2AF1_S34F-rep2_S107_umi_dedup_fine_grained_idx.csv,splicelib_U2AF1_S34F-rep2_S107,splicelib_U2AF1_S34F,rep2,rep2,splicelib_U2AF1_S34F-rep2,7119596,6552397,238648,0.0335198794987805,695862,0.177384045321435,87914,242190,3095946,3227050
U:/processed_data/reprocess_250221/nova241106/splicelib_U2AF1_S34F-rep3_S108_umi_dedup_fine_grained_idx.csv,splicelib_U2AF1_S34F-rep3_S108_umi_dedup_fine_grained_idx.csv,splicelib_U2AF1_S34F-rep3_S108,splicelib_U2AF1_S34F,rep3,rep3,splicelib_U2AF1_S34F-rep3,6722704,6178557,225833,0.0335925841744631,652887,0.176820626540847,81043,216838,2915436,3039482
U:/processed_data/reprocess_250221/nova241106/splicelib_U2AF1_WT-rep1_S103_umi_dedup_fine_grained_idx.csv,splicelib_U2AF1_WT-rep1_S103_umi_dedup_fine_grained_idx.csv,splicelib_U2AF1_WT-rep1_S103,splicelib_U2AF1_WT,rep1,rep1,splicelib_U2AF1_WT-rep1,6419512,5893618,215124,0.0335109584653787,657461,0.176394565598256,73793,210700,2949475,3069757
U:/processed_data/reprocess_250221/nova241106/splicelib_U2AF1_WT-rep2_S104_umi_dedup_fine_grained_idx.csv,splicelib_U2AF1_WT-rep2_S104_umi_dedup_fine_grained_idx.csv,splicelib_U2AF1_WT-rep2_S104,splicelib_U2AF1_WT,rep2,rep2,splicelib_U2AF1_WT-rep2,6227508,5732176,209075,0.0335728191758244,634389,0.177446504992867,69706,199651,2824465,2940711
U:/processed_data/reprocess_250221/nova241106/splicelib_U2AF1_WT-rep3_S105_umi_dedup_fine_grained_idx.csv,splicelib_U2AF1_WT-rep3_S105_umi_dedup_fine_grained_idx.csv,splicelib_U2AF1_WT-rep3_S105,splicelib_U2AF1_WT,rep3,rep3,splicelib_U2AF1_WT-rep3,8343191,7656492,280479,0.0336177129350149,851416,0.174910276453295,88777,271900,3857251,4016314
U:/processed_data/reprocess_250221/nova241106/splicelib_ZRSR2-rep1_S112_umi_dedup_fine_grained_idx.csv,splicelib_ZRSR2-rep1_S112_umi_dedup_fine_grained_idx.csv,splicelib_ZRSR2-rep1_S112,splicelib_ZRSR2,rep1,rep1,splicelib_ZRSR2-rep1,4567895,4202627,153337,0.0335684160866219,453407,0.177407950993277,47970,137560,2017664,2102324
U:/processed_data/reprocess_250221/nova241106/splicelib_ZRSR2-rep2_S113_umi_dedup_fine_grained_idx.csv,splicelib_ZRSR2-rep2_S113_umi_dedup_fine_grained_idx.csv,splicelib_ZRSR2-rep2_S113,splicelib_ZRSR2,rep2,rep2,splicelib_ZRSR2-rep2,1927173,1773948,64688,0.0335662651977793,189398,0.17683559904392,20644,56895,846093,881642
U:/processed_data/reprocess_250221/nova241106/splicelib_ZRSR2-rep3_S114_umi_dedup_fine_grained_idx.csv,splicelib_ZRSR2-rep3_S114_umi_dedup_fine_grained_idx.csv,splicelib_ZRSR2-rep3_S114,splicelib_ZRSR2,rep3,rep3,splicelib_ZRSR2-rep3,7492804,6908780,252566,0.0337078081850266,747584,0.17886697453053,88229,259194,3294705,3431969
